title,vote_weight,predict
616037,0,0.023247577
507086,0,0.054669715
438148,1,0.17181823
361743,1,0.065222435
756999,1,0.64726675
453395,0,0.04623888
718789,1,0.03786193
725201,1,0.03686777
614934,1,0.16238964
634649,0,0.0461337
675353,0,0.10169819
718930,1,0.17024615
836225,1,0.8486961
752623,0,0.28264526
626735,1,0.6765843
338953,0,0.03681308
639933,0,0.24699245
508947,0,0.060294148
526896,0,0.23110388
568124,0,0.6398805
335787,0,0.08151254
635302,0,0.7858087
414906,0,0.042372502
438695,0,0.16560128
809107,1,0.55192566
169,0,0.4717965
629542,1,0.32787526
106,0,0.6218785
580489,0,0.09327955
346910,0,0.21089767
406759,0,0.059470296
539681,1,0.15157135
34851,0,0.44077882
588228,0,0.03668805
299536,0,0.015341451
566525,0,0.07356006
440,0,0.43756878
459151,0,0.17702372
303857,0,0.7761978
744275,0,0.78520113
524434,0,0.04792646
698948,1,0.33523962
460458,0,0.4889647
809717,1,0.7855825
460465,0,0.76246345
760104,1,0.68772763
324786,0,0.4423943
508943,0,0.046146303
763285,1,0.49773288
19995,0,0.026467694
337404,0,0.03649109
823625,1,0.5285064
397567,1,0.61582416
648579,1,0.6612425
518068,1,0.62675613
585245,1,0.29866174
425909,0,0.26965395
20982,1,0.53922164
545611,1,0.6689313
476669,0,0.16622065
675445,1,0.76357245
791373,0,0.2427162
423108,0,0.59969884
624860,0,0.040095802
512195,0,0.051977403
317442,1,0.883376
436969,0,0.04216581
646385,0,0.6484083
632727,1,0.7787038
299534,0,0.008972623
696806,0,0.16669203
671,0,0.07429593
24428,0,0.030876558
395,0,0.23502049
674,0,0.057238225
537915,0,0.80089146
7445,0,0.54655284
587272,1,0.71229166
762504,1,0.27852407
672,0,0.111394316
399566,0,0.051792283
550988,0,0.12903246
767,0,0.023524877
529203,0,0.39740878
673,0,0.069524154
585,0,0.08566994
497698,0,0.05178299
589761,1,0.7178159
12445,0,0.07429904
385128,0,0.036601484
50014,0,0.5569828
99861,0,0.00848313
527774,0,0.29745567
668742,1,0.70851797
354912,0,0.04586231
589754,1,0.70665884
632357,0,0.7456541
12444,0,0.023524888
379686,0,0.0507881
293660,0,0.31837365
504827,1,0.6440467
284053,0,0.045101378
14836,0,0.30051064
276907,0,0.5574435
10195,0,0.056986406
438631,0,0.06725825
520763,0,0.28904724
400160,0,0.30236816
1865,0,0.007153415
198663,0,0.601465
451048,0,0.036398433
8587,0,0.4005362
783461,1,0.63247085
21208,0,0.5922489
259693,0,0.43653375
862,0,0.5121607
138843,0,0.63825727
637649,0,0.4345243
675,0,0.057231445
808,0,0.29464504
315635,0,0.05417881
24021,0,0.25164312
602223,0,0.7083376
474350,0,0.26351547
177572,0,0.059644133
429617,0,0.06733047
50620,0,0.0805872
1930,0,0.03233408
821494,1,0.8469344
631843,0,0.6269954
760926,1,0.69732165
505262,1,0.7556471
610253,0,0.5954697
876716,1,0.9635394
597208,0,0.29444373
38234,1,0.7181588
744,0,0.62311286
568620,1,0.2137622
522402,0,0.7308462
76338,0,0.047500007
698128,1,0.7847276
383498,0,0.0929558
482373,0,0.73758125
330457,0,0.07333411
118,0,0.057120543
863,0,0.14360288
597,0,0.036821533
458576,0,0.30012757
10138,0,0.036822256
122917,0,0.02353763
370172,0,0.024295865
38757,0,0.02156487
216015,0,0.5833021
522016,1,0.2625512
425,0,0.35509142
833417,1,0.8275049
337167,0,0.38114974
454626,0,0.18571943
621,0,0.6858387
50619,0,0.09300606
8966,0,0.46357056
283995,0,0.036770508
587807,0,0.36280218
271110,0,0.02341011
475557,0,0.33229628
76600,1,0.023541933
453354,1,0.8598276
464052,0,0.037668675
10144,0,0.444256
615457,0,0.7031535
2062,0,0.057020172
106646,0,0.11133235
809,0,0.056982547
508442,0,0.058295093
157336,0,0.05010786
39254,0,0.099773414
228150,0,0.25044018
214756,0,0.25540304
102382,0,0.036964264
11224,0,0.71803105
301528,0,0.04535824
109445,0,0.07288949
284052,0,0.0685367
22,0,0.062277213
13811,0,0.36404347
285,0,0.014908717
9820,0,0.62444705
3933,0,0.43786442
419430,0,0.7452863
91314,0,0.033637024
1724,0,0.056911234
885110,1,0.8903393
10674,0,0.14640024
32657,0,0.12838326
58,0,0.036734425
20352,0,0.25297233
131631,0,0.07480941
135397,0,0.06703404
109418,0,0.1877878
98566,0,0.0755453
57214,0,0.7551725
4247,0,0.5990408
120,0,0.13153271
296096,0,0.69681865
18239,0,0.3654771
72190,0,0.039470185
411,0,0.043932114
440249,1,0.8362811
366672,1,0.5443051
634528,1,0.5667264
381284,0,0.64864224
337401,0,0.036971234
656663,1,0.6699117
12,0,0.12799536
93456,0,0.21681699
22894,0,0.5551109
1726,0,0.06256746
617653,0,0.15181364
49529,0,0.023679296
72545,0,0.20116793
22803,0,0.34588322
420818,0,0.022161273
557,0,0.06295961
260514,0,0.06914695
793937,1,0.79742086
70981,0,0.069621205
9806,0,0.13656487
47971,0,0.16480811
592508,1,0.6558096
525660,1,0.51642734
18785,0,0.48199594
111,0,0.54782027
284054,0,0.03762559
717728,1,0.7352694
8922,0,0.6649425
68726,0,0.044117842
126889,0,0.122638434
12153,0,0.46175453
72105,0,0.36877456
615904,1,0.5699891
166426,0,0.028030897
351286,0,0.0478223
260346,0,0.38368776
637693,1,0.63671315
10020,0,0.5571647
14160,0,0.04574885
22832,1,0.43506792
324552,0,0.43896037
49051,0,0.02353763
10193,0,0.036945306
335797,0,0.21225165
439079,0,0.7156028
561,0,0.11105028
373226,1,0.7442871
458156,0,0.3309749
503314,0,0.7939025
11970,0,0.1645746
38365,0,0.1877878
18240,0,0.43843153
10198,0,0.10222715
121,0,0.18854946
49521,0,0.029415287
335983,0,0.086007304
683363,1,0.86688113
254128,0,0.099516824
11351,0,0.62094086
23168,0,0.45824328
150540,0,0.049089406
14161,0,0.03678361
384018,0,0.036469284
447404,0,0.0566379
4258,0,0.5983236
49013,0,0.03670216
269149,0,0.05548102
7451,0,0.23762488
68721,0,0.03692419
522478,1,0.40748262
27205,0,0.05283875
529106,1,0.8279502
141052,0,0.015349896
82702,0,0.058849785
495764,0,0.3936367
23823,1,0.72606874
335988,0,0.0318285
324857,0,0.23463205
345938,0,0.5986171
55341,1,0.73734015
11836,0,0.5228495
87101,0,0.055911444
270946,0,0.06797421
225886,0,0.44520977
35,0,0.20788293
37135,0,0.06943531
260513,0,0.0369845
50546,0,0.18547663
341174,0,0.38114974
1771,0,0.062279902
193756,0,0.44595578
82690,0,0.048651315
436270,1,0.04298285
512200,0,0.076167226
527641,0,0.6932966
5174,0,0.06265612
337339,0,0.023301423
122,0,0.12807953
26123,0,0.68263036
9637,0,0.16712731
62177,0,0.041117925
119450,0,0.049168028
168259,0,0.04028119
13186,1,0.70676035
8960,0,0.0568595
43347,0,0.51083815
166428,0,0.072452426
11688,0,0.11365083
1954,0,0.6407081
28005,1,0.7062764
12429,0,0.43121332
345940,0,0.05958448
10009,0,0.07344028
15092,0,0.59011
559,0,0.021800198
294254,0,0.443904
8363,0,0.59682447
442249,0,0.7876995
264999,0,0.6451815
9532,0,0.57189023
38575,0,0.43860483
72331,0,0.24729432
4248,0,0.40519965
190859,0,0.3036452
641501,1,0.702097
521029,0,0.7071522
810,0,0.052214853
10895,0,0.7288058
287947,0,0.27788502
321612,0,0.05716257
333339,0,0.063768536
299537,0,0.05559353
614917,1,0.49959606
211672,0,0.31205913
420817,0,0.059617583
38700,0,0.24450397
336843,0,0.39194372
75780,0,0.2954582
9487,0,0.07945726
4564,0,0.26656204
10192,0,0.049476508
259316,0,0.04523008
82675,0,0.40684175
11544,0,0.19457798
238,0,0.6841807
312221,0,0.5557588
619778,0,0.46934026
398818,0,0.7110494
480530,0,0.5125021
602734,0,0.58566266
920,0,0.07983118
86331,1,0.7418289
136797,0,0.28893113
307081,0,0.51924646
590706,1,0.61025316
76341,0,0.057033274
45243,0,0.19034061
246655,0,0.045946684
404368,0,0.044084493
9023,0,0.18828094
324852,0,0.19677053
524251,1,0.82243663
576845,0,0.46565282
385687,1,0.014970561
427641,0,0.08209032
8920,0,0.36668965
223702,0,0.6146812
11324,0,0.18388708
812,0,0.526972
49026,0,0.02350385
11322,0,0.11055145
676,0,0.06240334
57158,0,0.02353763
675319,1,0.8520154
8355,0,0.14299826
10358,0,0.5586884
105864,0,0.063668944
9702,1,0.48142228
346364,0,0.632622
10196,0,0.05880344
232672,0,0.449668
360920,0,0.22025359
574060,1,0.5631853
257344,0,0.1528681
37165,0,0.29362828
953,0,0.20963502
9358,0,0.5428312
381288,0,0.69881505
420809,0,0.04213205
650,1,0.68238
209112,0,0.024148438
87428,0,0.2470899
80321,0,0.05948562
412117,0,0.19800594
62211,0,0.03517672
343611,0,0.302247
10585,0,0.67258877
12092,0,0.7106857
396422,0,0.7800499
8871,0,0.07655844
10567,0,0.07235953
12155,0,0.036742542
102651,0,0.04656632
505026,0,0.14901228
408,0,0.72416824
644495,0,0.25635365
22881,0,0.5337517
646380,0,0.21301366
27578,0,0.18511613
11674,0,0.3357602
637534,1,0.71569705
198184,0,0.3867638
125509,1,0.7241447
9502,0,0.06970161
399579,0,0.048449717
316727,0,0.6725005
447332,0,0.61148465
373571,0,0.04825433
480414,0,0.7919028
9479,0,0.56224054
325358,1,0.631049
109439,0,0.10728366
268896,0,0.09097845
49519,0,0.06546901
278,0,0.54804707
585216,1,0.7376229
46195,0,0.14274164
3170,0,0.7208047
11036,0,0.5225725
581387,1,0.71606565
44943,0,0.24736895
1579,0,0.43605143
348,0,0.65048945
10527,0,0.056952395
129,0,0.59505665
49530,0,0.44386593
228165,0,0.23473331
10681,0,0.045233894
207703,0,0.17950574
263115,0,0.17134964
4256,0,0.3806097
57800,0,0.13826211
522938,0,0.4157875
18823,0,0.0759022
311324,0,0.078652956
10191,0,0.049763393
12230,0,0.7062277
273481,0,0.52670074
950,0,0.1846907
16869,0,0.23599552
4935,0,0.5568382
44912,0,0.037594847
76492,0,0.17982309
681887,1,0.84642947
396535,0,0.7495451
9552,0,0.65617096
546554,0,0.44390824
9373,0,0.6656773
147441,0,0.063259564
8681,0,0.55346507
7555,0,0.36670887
8277,0,0.6631041
228326,0,0.4790841
603,0,0.2759137
57165,0,0.05646319
390043,0,0.52754873
155,0,0.042006895
13,0,0.3259709
118340,0,0.047955263
74513,1,0.704274
340102,0,0.3868498
14869,0,0.04653438
297761,0,0.045825925
250546,0,0.69427747
10588,0,0.09292367
13053,0,0.05760459
615,0,0.51093286
511809,1,0.18501835
49018,0,0.7149176
550,0,0.27543962
245891,0,0.5907723
591120,1,0.77360755
534,0,0.03751029
9325,0,0.70929956
1927,0,0.06438563
14199,0,0.3711733
11932,0,0.5498374
599975,0,0.8195396
679,0,0.5977777
60304,0,0.37675703
581389,1,0.72845197
56292,0,0.060864456
497582,0,0.60707575
300671,0,0.36278427
424694,0,0.39910758
497,0,0.29373336
11249,0,0.6513737
150689,0,0.12526669
140607,0,0.024475442
297762,0,0.059011362
45610,1,0.51263803
158015,0,0.7107445
560144,1,0.24612589
400155,0,0.20347987
305470,0,0.18361287
6479,0,0.057179432
290098,0,0.7095322
643586,1,0.76049626
55779,0,0.4097979
302699,0,0.36940527
647302,1,0.9525009
123553,0,0.30497468
400535,0,0.5602103
77338,0,0.6551271
76757,0,0.045734044
14128,0,0.7008041
4257,0,0.40247566
102899,0,0.06968344
565028,1,0.7615149
820446,1,0.45128244
41630,0,0.5511354
278154,0,0.111719765
184345,1,0.7802854
287590,1,0.58430326
184315,0,0.111221634
335984,0,0.05561547
37169,0,0.7315755
181808,0,0.036264926
10693,0,0.71116596
9902,0,0.64638925
131634,0,0.052819222
127585,0,0.023480734
1366,0,0.71794593
2454,0,0.029424513
23988,1,0.7334865
222935,0,0.7549866
9948,1,0.56264347
71672,1,0.7292491
351819,0,0.68975794
281338,0,0.05811416
283366,0,0.09388906
43947,0,0.7282385
77930,0,0.6786189
456740,0,0.36704808
156022,0,0.33074278
11,0,0.6499198
51828,0,0.62664604
71552,0,0.37104264
10340,0,0.7109065
351694,1,0.8331046
140300,0,0.086888075
10137,0,0.06687452
754067,1,0.8973213
24418,1,0.43445003
176,0,0.7151426
526050,1,0.63685685
101299,0,0.07000518
509967,0,0.057538904
9543,0,0.03760175
249070,0,0.60520124
530915,0,0.15809408
577922,0,0.035308305
353081,0,0.045982
273477,0,0.6547177
41154,0,0.029384645
18861,1,0.56871736
656991,1,0.7663103
75656,0,0.20941848
506574,1,0.63857144
2109,0,0.4879169
290859,0,0.04155061
139038,0,0.790214
680,0,0.67076916
262500,0,0.11727844
9286,0,0.562121
28510,1,0.63813037
10625,0,0.6203375
193893,0,0.6259982
87502,0,0.502067
52520,0,0.24233754
117251,0,0.05703315
159824,0,0.20347987
62835,0,0.44358402
573699,1,0.91126174
353486,0,0.15024213
13448,0,0.057100892
5175,0,0.14295508
1734,0,0.116228454
286217,0,0.09683194
338952,0,0.03788631
38055,0,0.07088084
71676,0,0.31585953
19912,0,0.44647372
40047,1,0.71110046
263472,0,0.72610706
9836,0,0.111495465
363088,0,0.062068637
350499,1,0.058113117
280,0,0.105738446
14405,1,0.58721834
481848,0,0.09488877
405774,0,0.6432808
9072,0,0.27593282
10386,0,0.23520713
91586,0,0.6917782
454640,1,0.36943844
87818,0,0.7993746
19908,0,0.5751611
172385,0,0.10374681
181812,0,0.023396056
343668,0,0.10145146
11397,0,0.6232938
16996,0,0.59742314
277216,0,0.56260794
597890,1,0.63099414
117263,0,0.23663153
17654,0,0.5306699
297802,0,0.053506892
913814,1,0.858113
339984,1,0.6817723
417859,0,0.06930859
564,0,0.18464924
10882,0,0.69845283
409502,1,0.74675614
694,0,0.59382623
75174,0,0.555163
20533,0,0.3836251
49444,0,0.055832997
42194,1,0.5248198
58595,0,0.047307514
59440,0,0.55734736
6466,0,0.5140552
240832,0,0.43345264
338967,0,0.43546474
10112,0,0.7079033
11360,0,0.7398831
48138,0,0.51817757
496243,0,0.66378164
179826,1,0.5408367
10555,0,0.21332031
49849,0,0.050812293
2105,0,0.6529198
339846,0,0.24914877
16052,1,0.5871074
238636,0,0.67397547
601635,1,0.7245277
669671,1,0.7330507
9316,1,0.72721326
23827,0,0.7384526
43593,0,0.5627726
20526,0,0.04732479
101,0,0.6144682
614696,1,0.9005395
13183,0,0.06973082
47933,0,0.050116576
929170,1,0.8878853
11186,0,0.6435963
124905,0,0.06423056
68718,0,0.111568235
65364,1,0.74470866
412656,0,0.09909885
364689,0,0.12359898
33273,1,0.70580935
10054,0,0.47926423
522162,0,0.1114184
43549,1,0.58549625
10607,1,0.70405465
450465,0,0.5864614
286567,1,0.6950207
265712,1,0.63303727
81005,0,0.03840157
9769,1,0.28274205
138103,0,0.13282417
8456,0,0.5988102
530385,0,0.77328837
578701,1,0.78250253
76726,0,0.71976614
166424,0,0.29126427
14574,0,0.6628547
105,0,0.5925912
51876,0,0.53453714
146233,0,0.40545613
11187,0,0.64764327
23629,0,0.1788162
43074,0,0.059906878
210577,0,0.2889738
240,0,0.63647103
8982,1,0.6965083
652,0,0.04581327
10439,0,0.53289866
134374,0,0.55014205
100402,0,0.04776921
293167,0,0.040131465
1369,0,0.40779945
81188,0,0.058877647
76163,0,0.11104138
296099,0,0.6154607
53182,0,0.09400883
602269,0,0.51856804
42684,0,0.67253387
346672,0,0.5474592
270303,0,0.7600714
10530,0,0.33347377
8961,0,0.071490444
449443,0,0.5286687
218,0,0.68181413
37686,0,0.36440155
522627,0,0.5776367
8645,0,0.2958133
523931,1,0.7954251
5559,0,0.05683079
19913,0,0.68474597
137113,0,0.04465336
13700,0,0.09389415
22794,0,0.11893039
11811,1,0.72412914
313297,0,0.38039544
87421,0,0.4684694
44896,0,0.067134544
10830,0,0.46379206
44571,1,0.6528836
70160,0,0.21231918
281957,0,0.06561966
68735,0,0.05264599
9539,0,0.6892885
23047,0,0.44090638
61791,0,0.13599375
291805,0,0.14562914
114,0,0.629066
530254,1,0.7590721
265208,0,0.5126066
37430,0,0.14628296
579974,1,0.2625036
244786,0,0.71705323
34584,0,0.53692085
9078,0,0.7106091
8275,0,0.6313621
522931,0,0.24738963
854,0,0.56681097
314095,0,0.5135242
5255,0,0.05096331
87827,0,0.08157608
187017,0,0.38331053
39513,0,0.44159827
399360,0,0.3687324
55846,0,0.6318576
1374,0,0.5042782
37724,0,0.036826998
20662,0,0.03674247
339403,0,0.48053753
772,0,0.60170275
10781,0,0.63061595
381289,0,0.6306066
272,0,0.05718207
14438,1,0.7350544
38322,1,0.50893545
458305,0,0.7869418
109451,0,0.26299062
241259,0,0.049216524
4523,0,0.16438425
756,0,0.74086964
19899,0,0.23755513
23483,0,0.53241557
228161,0,0.06869309
652004,1,0.8037236
535845,1,0.6594147
423204,0,0.44282126
136799,0,0.07634128
329,0,0.27522656
49527,0,0.42848748
581392,0,0.71747744
4232,0,0.63052374
51620,1,0.6948612
37645,1,0.5624453
20048,0,0.4354776
27576,0,0.09250465
372519,1,0.648116
9291,0,0.17597738
607,0,0.1427792
23631,0,0.5947935
342473,0,0.69456756
12279,0,0.45114034
13207,0,0.6001488
1427,0,0.29392976
857,0,0.2344915
157350,0,0.20060892
215,0,0.6975082
320288,0,0.03675108
278927,0,0.045751497
308531,0,0.09480101
11699,1,0.54945046
413518,1,0.6480205
424,0,0.5704914
861,0,0.26479056
37834,0,0.08294582
321258,0,0.6659233
10948,0,0.6559396
27581,0,0.11380985
8392,0,0.70516205
424139,0,0.66648865
19994,0,0.6296799
9792,0,0.6295605
278924,0,0.44741854
72571,0,0.7163572
10201,0,0.24059726
127380,0,0.036745045
423,0,0.47217733
329865,0,0.4003545
77866,0,0.55640805
760883,1,0.75079334
350,0,0.47257495
290764,1,0.7112466
10066,0,0.44728494
762823,1,0.79249936
214,0,0.65740156
1250,0,0.09212075
34544,0,0.09498353
174772,1,0.73056537
291870,0,0.64724654
637,0,0.58683234
333484,0,0.14846033
10501,0,0.2978673
259072,1,0.82259417
1267,0,0.059915144
121734,1,0.74724126
6477,0,0.2985168
623135,1,0.71823364
531499,1,0.5486643
630240,1,0.7794981
8273,0,0.33454162
100042,0,0.43543828
7131,0,0.052327488
6844,1,0.63867813
793723,1,0.72212905
718032,1,0.59770155
205584,0,0.08504857
663,0,0.6614845
16871,0,0.5124148
57201,0,0.032871578
2770,0,0.5132412
256274,0,0.7109
290595,0,0.16336979
578,0,0.6776176
385103,1,0.72562087
7443,0,0.40959966
454619,1,0.680225
1359,0,0.6796085
484718,0,0.30392218
48340,1,0.5255782
14849,1,0.7011394
11968,0,0.37407485
481084,0,0.4518605
95,0,0.062314026
9757,0,0.703079
75612,0,0.08104958
424783,0,0.09201055
9016,0,0.06367626
205596,0,0.63781357
242,0,0.3332817
524047,0,0.49575728
64682,0,0.09975179
23023,0,0.3813118
339964,0,0.06261132
256040,1,0.58980757
34813,0,0.55251586
630,0,0.7067084
406563,0,0.7603358
257211,0,0.47371003
544401,1,0.45487255
9378,0,0.42629743
98,0,0.10589279
4922,0,0.05701715
9297,0,0.21775813
949,0,0.2934195
15512,0,0.045645524
1368,0,0.6256311
406990,0,0.62056965
345887,0,0.3374848
13640,1,0.7137605
460019,0,0.7416496
158852,0,0.04080867
545609,0,0.46796826
393345,1,0.68777263
14306,0,0.29433465
406997,0,0.5874986
60747,0,0.26513633
256591,0,0.3958094
62213,0,0.057117682
64635,0,0.07402715
252,0,0.7040874
18009,1,0.7237989
23398,0,0.21042535
602,0,0.20876911
227348,0,0.7084079
76617,0,0.6876746
254,0,0.035571177
242582,0,0.6750834
703745,1,0.7316313
14324,1,0.4528202
162,0,0.58536035
65759,0,0.06934657
136418,0,0.59277993
4348,0,0.531344
402900,0,0.23629972
58574,0,0.074173294
73723,0,0.24552424
110415,0,0.444843
315837,0,0.10106376
608,0,0.062275875
9348,0,0.47422898
64690,0,0.62869084
267935,0,0.087346666
136795,0,0.43250343
177677,0,0.05741331
65,0,0.42601067
400928,0,0.7092307
9904,1,0.1905258
2332,0,0.6587196
81796,0,0.6956471
479455,0,0.09431136
10140,0,0.05467075
46528,1,0.43667468
14248,1,0.56858635
632322,1,0.6413915
1271,0,0.26593083
4233,0,0.557625
282035,0,0.0766056
466272,0,0.1246644
82507,0,0.72389954
807,0,0.48748252
533642,0,0.8242245
280092,0,0.6579753
493922,0,0.76615596
11770,0,0.67247576
315011,1,0.65151864
41446,0,0.4352619
146216,0,0.16771795
818192,1,0.7579775
116711,0,0.1138286
18,0,0.14228259
14164,0,0.51678234
10012,1,0.4778873
18360,0,0.057120148
86834,0,0.0741134
338762,0,0.6634126
462883,1,0.6814617
122906,0,0.65031
76489,1,0.5156125
44833,0,0.0338593
377,0,0.71203035
274854,0,0.19438426
378236,0,0.3776606
1691,0,0.66140896
764,0,0.7219635
9444,0,0.34442985
19840,1,0.612025
300669,0,0.7475065
58857,1,0.69424206
338970,0,0.13403438
128,0,0.5389249
16353,1,0.6828929
7191,0,0.5583895
119283,0,0.47583365
169917,0,0.5519891
310131,0,0.7255942
9488,0,0.45643386
17979,0,0.036745694
80035,0,0.25162557
8274,0,0.66538477
59967,0,0.5178475
70006,1,0.72296643
14444,1,0.5313937
716810,1,0.8233591
429351,0,0.6380582
7347,1,0.7082872
37786,0,0.112406515
4552,1,0.6340488
1498,0,0.63613814
43959,1,0.61651975
802,0,0.7105477
12222,0,0.16721387
4011,0,0.6238044
297,0,0.14259492
869,0,0.11051105
1273,1,0.48392957
954,0,0.18470368
8839,0,0.36287835
65291,1,0.72008646
13971,0,0.593409
365222,1,0.48729864
38408,0,0.46288455
14560,0,0.5515887
772272,1,0.7995229
68817,0,0.5725912
12244,0,0.51904356
14564,0,0.5901701
1979,0,0.070904665
37710,0,0.11128409
149,0,0.6570665
1417,0,0.5959457
72431,1,0.41376877
51608,1,0.7380266
13475,0,0.0573371
411088,0,0.77460605
258230,0,0.41865578
567609,0,0.7608726
14001,0,0.5902965
41439,0,0.589992
2330,0,0.67123336
156717,1,0.69218147
8078,0,0.23454137
800497,1,0.84296125
10229,0,0.656591
490132,0,0.59180576
2048,0,0.08017308
30497,0,0.7316904
47964,0,0.15039502
10483,0,0.398242
11886,0,0.70295566
37799,0,0.43929565
167032,0,0.69753456
11130,0,0.43433383
170,0,0.6908774
68724,0,0.08702169
616820,1,0.56816375
324670,0,0.3543404
71880,0,0.18986484
9880,0,0.4569881
324849,0,0.19982062
2907,0,0.510854
888,0,0.39065388
2123,0,0.35534605
38,0,0.5850997
519465,1,0.7586564
7485,0,0.28920165
1924,0,0.32911602
1813,0,0.31480503
77951,1,0.22180043
10202,0,0.18872274
17610,0,0.29793358
28178,0,0.6164349
508439,0,0.036266353
68737,0,0.132133
11679,0,0.29430985
2668,0,0.110677615
604,0,0.057064187
415842,0,0.49740505
11917,0,0.6559868
657644,1,0.8538116
262504,0,0.11727844
476968,1,0.78378063
11045,1,0.5515895
36647,0,0.3990118
296,0,0.036792528
18925,1,0.7383857
458723,0,0.65508354
153518,0,0.3223937
348350,0,0.0366004
59108,0,0.20882948
258489,0,0.044284888
1422,0,0.14274338
44214,0,0.63897437
465136,0,0.7532375
189,0,0.26881075
206647,0,0.024837732
138832,0,0.47096753
82700,0,0.06929785
41513,0,0.092779785
185,0,0.7086953
10545,0,0.11377099
13179,1,0.389455
136400,0,0.29545546
15070,1,0.5865814
644083,1,0.7978403
26389,0,0.35059127
1370,0,0.27809498
227719,0,0.7679695
20453,1,0.6794617
598,0,0.70327944
605,0,0.057064187
417384,0,0.56603515
565,0,0.37811744
2667,0,0.7272908
299687,0,0.5006469
11357,0,0.69887644
447200,0,0.075059414
9353,0,0.48565367
267860,0,0.3078846
55301,0,0.21318156
183011,1,0.71139526
50544,0,0.4840662
7220,0,0.48782682
542178,0,0.5483713
489,0,0.65768903
10214,0,0.17145313
77931,0,0.10073359
480105,0,0.7255213
9007,0,0.3119072
522681,0,0.7693624
11631,0,0.36325532
10661,0,0.1472825
9738,0,0.11394359
17134,1,0.5787126
399035,0,0.519761
592279,1,0.77071404
11247,0,0.60873896
10060,1,0.44694987
1371,0,0.6094794
10330,0,0.54781175
1587,0,0.6505312
181533,0,0.07214667
59429,1,0.74387723
8656,0,0.21259001
2300,0,0.18591908
8328,0,0.57695115
359724,0,0.11686113
10184,0,0.43895736
257445,0,0.32624632
10528,0,0.14296511
310,0,0.18415374
11359,1,0.4062034
10521,0,0.51181763
1735,0,0.059453707
8373,0,0.03704271
10996,0,0.08042543
14411,0,0.39393234
1367,0,0.67936325
438650,0,0.30386505
9725,0,0.7262766
88751,0,0.40107626
800823,1,0.72263366
1278,0,0.6235667
716855,1,0.7957814
9737,0,0.59292877
49040,0,0.069368035
18126,0,0.48639804
9679,0,0.14598823
323272,1,0.7452825
924,0,0.5431779
752,0,0.33412346
268531,1,0.46372604
85,0,0.5999533
49520,0,0.35262308
192141,0,0.7014777
64688,0,0.4425197
10591,0,0.5889369
9471,0,0.08189554
119892,1,0.18341829
531309,0,0.78047866
4234,0,0.4352619
562,0,0.5254647
1690,0,0.697373
8204,0,0.14617582
8386,1,0.65581286
588,0,0.3613585
8643,0,0.5991387
197,0,0.22379674
1402,0,0.34265304
59859,0,0.5391239
382127,1,0.82418287
24831,1,0.72777504
11024,0,0.18484873
1487,0,0.25832626
287948,0,0.63786453
632617,1,0.7411881
62,0,0.6429897
14442,0,0.5113111
333596,1,0.7160897
15969,0,0.7157044
9594,1,0.62582576
22804,0,0.6545461
13460,1,0.5166724
36648,0,0.26416048
109428,0,0.69489557
1894,0,0.07932298
289720,1,0.66654676
2383,1,0.55914134
640,0,0.34648693
10285,1,0.71712244
331482,0,0.48882654
9480,0,0.19524366
36557,0,0.057236645
9762,0,0.64876086
9982,0,0.05671289
1729,0,0.32819515
16577,0,0.6680394
9334,0,0.2973116
75638,1,0.63984185
254470,0,0.5221537
22970,0,0.54338026
259694,0,0.48595718
9602,0,0.4474639
399402,0,0.5263529
403119,0,0.70748603
1970,0,0.6615718
22538,0,0.16401052
479718,1,0.87422293
1265,0,0.29726052
511987,0,0.6407644
417261,1,0.80739135
137116,1,0.29586315
332210,0,0.28631562
9645,0,0.4818504
4476,0,0.5111543
151960,0,0.38086003
274857,0,0.05573951
16523,0,0.110748336
10865,0,0.081488915
10228,1,0.5273662
1933,0,0.6168655
204082,0,0.5730415
948,0,0.7222608
37735,0,0.68590665
9387,0,0.588025
871,0,0.68746495
6977,0,0.5481814
274855,0,0.07957211
54138,0,0.04033246
1573,0,0.23639919
161,0,0.16223274
52449,0,0.59287614
266856,0,0.63964474
769,0,0.54770225
23437,0,0.4816774
2758,0,0.3859452
98567,1,0.4235049
1592,0,0.5117171
405882,1,0.7176567
11619,0,0.056956064
2251,1,0.3615911
84892,0,0.6394679
628,0,0.29512808
205587,0,0.36573663
11451,0,0.36151555
41233,0,0.5235308
68728,0,0.03698511
10065,0,0.6035415
419743,1,0.7713599
1895,0,0.087725
499701,0,0.44689038
10320,0,0.41580138
10294,1,0.602142
448119,0,0.04589134
196867,1,0.27071017
363676,0,0.29404074
670,0,0.70551836
491418,0,0.38460875
82633,0,0.5468706
1637,0,0.512175
136835,1,0.6546964
302946,0,0.42392617
8413,0,0.2942584
4488,0,0.7262998
616,0,0.062270895
337170,0,0.37819937
16859,0,0.6915234
157547,0,0.75141543
431580,1,0.2603945
206487,0,0.7059502
192577,1,0.5359703
62214,0,0.44252712
13387,0,0.52882546
216282,0,0.38205674
1571,0,0.09202557
242512,0,0.70314187
16995,0,0.29520506
516632,1,0.6343316
11361,1,0.7091056
82703,0,0.076389045
38321,0,0.30563015
9567,0,0.21213707
9714,0,0.5014974
429,0,0.7154959
218043,0,0.6241291
12594,1,0.7730336
49524,0,0.06988532
1124,0,0.43399704
274870,0,0.096025184
62206,0,0.5444173
1246,0,0.5577126
24,0,0.50948787
9741,0,0.20900144
73,0,0.585254
347126,1,0.7646282
11284,1,0.6646181
72213,1,0.73206645
72570,0,0.5692157
9603,0,0.6565386
1893,0,0.08524556
58233,0,0.40468994
7446,0,0.13991432
417644,1,0.5606342
243688,0,0.48036948
419478,0,0.79017514
9928,0,0.20850909
43949,0,0.64731336
442062,0,0.62200886
268,0,0.47140136
12599,1,0.52634805
14620,1,0.69210905
433,0,0.69153666
834,0,0.36086527
71668,1,0.70899844
9431,1,0.62588245
539,0,0.7181972
301351,0,0.77405906
193610,0,0.44020516
330459,0,0.035956427
1585,0,0.70445466
335796,0,0.7725951
431693,0,0.26939657
627290,1,0.84492606
956,0,0.05695778
23172,1,0.5315385
9730,1,0.7291605
620,0,0.5106498
9509,0,0.23426841
296524,0,0.09255013
228967,0,0.41275463
27022,0,0.056965254
249660,1,0.7032226
298250,0,0.66341853
308266,0,0.44320187
475430,0,0.07622268
402529,1,0.46081734
470878,1,0.74626654
393,0,0.509488
13788,0,0.6218225
10402,1,0.6153
745,0,0.4361124
8814,0,0.29457754
9513,0,0.3022394
2756,0,0.23449439
346648,0,0.44854227
501929,0,0.3587139
2334,0,0.6307194
6499,1,0.6694488
280217,0,0.11677926
137106,0,0.31232107
424277,1,0.6223414
1634,0,0.74900067
395992,0,0.36338967
76544,1,0.5491599
48988,0,0.47234675
17445,1,0.7088618
74998,1,0.61370254
109414,0,0.5038015
257088,0,0.13601686
93837,1,0.6298383
72559,0,0.06954843
158011,0,0.6423642
1949,0,0.26338956
19185,1,0.6989975
49021,0,0.27072594
74,0,0.06757439
10999,0,0.66600245
5689,0,0.69946206
4951,0,0.6206562
819,0,0.4057298
445651,0,0.5609351
2059,0,0.11144466
8077,0,0.36345732
7278,0,0.5177357
82654,0,0.4810368
82693,0,0.5891706
8470,0,0.46564287
41733,0,0.27437574
46529,0,0.38281375
787,0,0.09210704
514207,1,0.72019285
23202,1,0.6443442
165,0,0.43356287
313369,0,0.5337377
11253,0,0.16356672
9340,0,0.5954931
180147,1,0.8091573
78,0,0.52486897
1607,1,0.6579777
2675,0,0.23128338
558,0,0.036693428
195589,0,0.60986006
860425,1,0.7553525
201088,0,0.2360765
8329,0,0.72422695
11978,0,0.17883632
967,0,0.64792883
426,0,0.70756257
17111,1,0.7379241
149870,0,0.5113024
601,0,0.66184336
82023,1,0.73486584
8467,0,0.61633885
217,0,0.041977286
76493,0,0.26354563
332562,0,0.5015922
207,0,0.6118844
399019,0,0.65385914
238713,0,0.2741875
11134,1,0.7212596
13474,1,0.70772886
132232,0,0.7130357
169209,1,0.6582951
10014,0,0.7165507
51739,0,0.6042007
445571,0,0.5761418
180299,0,0.7347168
83899,0,0.7355225
42360,1,0.8714992
2978,0,0.4572546
333371,0,0.6714357
13680,0,0.58701694
10992,0,0.29998848
440471,0,0.61260545
45612,0,0.5059334
428078,0,0.21035801
15373,0,0.5304476
12437,0,0.47208762
893086,1,0.83388746
271969,0,0.11562932
415214,1,0.5349759
10024,0,0.5131362
439015,0,0.6735561
356305,0,0.45295963
271706,1,0.87491107
253412,0,0.33544388
345911,0,0.78171974
1091,0,0.6312415
80389,0,0.56736416
16270,1,0.69824773
4108,0,0.5847676
8358,0,0.14293131
59860,0,0.5991042
142,0,0.62897974
590223,0,0.75011903
1620,0,0.55935097
9323,0,0.7090997
334533,0,0.7172336
8689,0,0.7319356
1372,0,0.110855624
19404,0,0.6453743
85446,0,0.60025525
133805,0,0.50997
103,0,0.71428883
9336,0,0.69697624
27,1,0.71597594
514847,0,0.63802373
532710,1,0.8499202
9495,0,0.63130826
87,0,0.52487177
841,0,0.4357543
670428,1,0.8793648
515001,0,0.6681852
458897,0,0.40640935
127521,1,0.67761546
9470,0,0.5994382
243683,0,0.5622531
36586,0,0.33520773
11969,1,0.55030876
37707,0,0.5406805
42889,1,0.7319283
328387,0,0.61640906
277834,0,0.057370152
45772,0,0.46583384
258509,0,0.14683752
879,0,0.23439145
141,0,0.68634784
665,0,0.62404436
714869,1,0.6051351
458253,1,0.119178765
395834,0,0.7602258
11459,0,0.48160127
747,0,0.6856737
7518,0,0.19214791
535292,0,0.5012828
9441,1,0.36215946
1824,0,0.21518631
374720,0,0.110485
513310,1,0.40145507
8835,0,0.60886437
76285,0,0.15275142
205126,1,0.8211862
300668,0,0.43504304
955,0,0.07443069
9793,0,0.63533217
64328,1,0.400654
381719,0,0.37116015
78049,1,0.7120953
325133,0,0.48175713
10092,1,0.7282521
591,0,0.073998265
194662,0,0.6068539
5876,0,0.6013641
855,0,0.13520056
10634,1,0.7041037
1593,0,0.09196001
395990,0,0.5125052
1572,0,0.1434533
181283,0,0.37497497
401981,0,0.24392864
8909,0,0.21081997
97020,0,0.080337375
20943,0,0.4553278
1562,0,0.62490803
415,0,0.07408879
418078,0,0.7927578
20178,1,0.6777844
1375,0,0.42087886
4421,0,0.36047894
581,0,0.5704948
616651,1,0.6236955
13523,1,0.60887444
345,0,0.262909
7980,0,0.26404184
9874,0,0.5496912
1830,0,0.36367097
77459,1,0.56444216
354556,1,0.7518065
137094,0,0.29448068
418437,1,0.64628506
428045,1,0.39571807
20829,1,0.21296339
646,0,0.718319
7090,1,0.71978325
9335,0,0.5016665
227159,0,0.43520236
10925,1,0.69913155
277,0,0.5706276
9837,0,0.2400617
941,0,0.6227119
10283,1,0.72025585
484641,0,0.48100585
540901,0,0.5958578
295693,0,0.07410338
77950,0,0.065716736
600,0,0.5097576
8913,0,0.6596195
814,0,0.65910476
55,0,0.7097324
116946,1,0.7980715
70,0,0.509501
1576,0,0.48939034
188927,0,0.04181037
455980,0,0.6742895
39514,0,0.31226203
123025,1,0.715699
343795,1,0.6957252
2335,1,0.6091136
14365,1,0.55176413
3131,0,0.11092494
1931,1,0.6421958
440021,0,0.71364194
34016,0,0.6061802
350312,1,0.54871887
20504,0,0.1846643
4327,0,0.1415825
6114,0,0.43389028
9273,0,0.5104861
1255,0,0.66635984
242224,0,0.751008
251,0,0.5709978
9037,1,0.64114416
10047,1,0.16229787
316029,0,0.25616968
10315,0,0.43477932
443791,0,0.37516043
416194,1,0.68360406
633515,1,0.8470739
77174,0,0.35103726
71670,1,0.69807315
14,0,0.6216816
121856,0,0.08725688
500664,0,0.73821765
44048,0,0.11316918
2503,0,0.23760308
570670,0,0.6911566
9992,0,0.15808721
9103,1,0.5127028
512196,0,0.68865156
320846,1,0.7663042
9871,1,0.6978193
508763,1,0.65216035
33217,0,0.6482008
449924,0,0.42825428
379149,0,0.47512397
929,0,0.06920178
285812,1,0.60334396
35019,0,0.5717752
157544,1,0.6382664
271718,0,0.47894683
1683,1,0.43612245
3980,1,0.7116268
417870,1,0.60311204
153158,1,0.59146357
22164,1,0.70558953
1495,0,0.06943993
10048,1,0.065528885
89,0,0.3747601
452773,1,0.8285616
1635,0,0.07294649
12180,0,0.67981696
853,0,0.24676889
94329,0,0.74138784
36955,0,0.085473865
7840,0,0.10086781
10747,1,0.706344
80278,0,0.40293092
8698,0,0.1945383
318846,0,0.53223795
293863,0,0.5730792
399055,0,0.59226394
1885,0,0.67512345
4982,0,0.110417284
27582,0,0.43644947
9360,0,0.40077198
41283,0,0.5633257
609,0,0.654362
11453,1,0.58679014
3021,0,0.55147296
714,0,0.09152525
11283,0,0.5561436
15196,1,0.6289892
508664,1,0.598233
38142,1,0.7100414
3049,0,0.6239526
256961,0,0.4635924
6537,0,0.711918
438590,1,0.8651615
1880,1,0.6090042
11474,1,0.69730127
116149,0,0.33958462
3093,1,0.23867351
381890,1,0.305929
1266,1,0.5877216
178809,1,0.63816786
13394,1,0.2998492
2501,0,0.29459652
435,0,0.07392906
120467,0,0.55077976
80410,1,0.70274127
14011,1,0.7126562
1577,0,0.39934525
9453,1,0.6177444
426543,0,0.10242212
68812,1,0.5951194
43539,0,0.5107518
22824,0,0.6639204
58224,0,0.33403355
81,0,0.7160681
375588,0,0.11733137
1701,0,0.2091694
10494,1,0.7280546
11665,0,0.18495405
391713,0,0.6633787
63311,0,0.63636833
1645,0,0.4365104
18937,1,0.44200107
429450,1,0.7098802
9595,0,0.54182446
8065,0,0.47610587
323675,0,0.43720776
274862,1,0.4030237
754,0,0.18489483
7978,0,0.057140388
11470,0,0.66611266
14191,0,0.7434723
414,0,0.11072655
388399,0,0.40086302
25018,1,0.71456754
340666,0,0.58109915
235260,1,0.62248206
51540,0,0.49290344
10489,1,0.70015794
169813,1,0.79397035
161822,1,0.78937507
6795,0,0.26951072
114150,0,0.6295734
249164,0,0.67614156
17578,0,0.06937898
387426,0,0.3632735
480881,1,0.71443367
1452,0,0.019565962
1995,0,0.08573144
2108,0,0.7179377
201085,0,0.3370191
65055,1,0.53240407
579047,1,0.43009236
660120,1,0.70603245
329996,0,0.04796213
184314,1,0.6954671
155084,1,0.71449006
502416,0,0.7701416
2309,0,0.29430056
437109,1,0.7636424
1391,1,0.6926135
9481,0,0.22027993
72358,1,0.44148567
15157,0,0.7077905
516486,0,0.36513278
262841,1,0.09265166
407375,1,0.7063597
2024,0,0.091670886
9802,0,0.20818186
400106,0,0.14568186
297556,1,0.71916425
25642,1,0.45345438
11011,0,0.4375181
942,0,0.54868335
238615,0,0.547231
298618,1,0.036957372
467988,1,0.7245906
9823,0,0.51420885
17609,0,0.65044504
2019,1,0.6033243
3981,0,0.23669226
9070,1,0.6336439
15789,1,0.6096319
10590,0,0.209569
10802,1,0.39844126
10019,1,0.69074357
467012,1,0.7445432
9731,1,0.72489667
146239,0,0.6701529
474395,1,0.8192423
399404,0,0.5147405
72784,1,0.63967264
3563,0,0.16557616
587,0,0.23456363
1891,0,0.60111856
264419,1,0.7060888
13497,1,0.59584236
9342,0,0.1254633
10947,0,0.7099951
419680,0,0.24782997
29993,1,0.70760965
8095,1,0.40951198
11774,0,0.062673464
9739,0,0.3202729
856,0,0.23537765
765,0,0.702258
35056,0,0.33460727
9473,0,0.5862944
8856,0,0.64074266
228205,0,0.49409023
2280,0,0.60159636
61012,0,0.5945201
287903,0,0.623286
2082,0,0.6248211
393457,0,0.55831623
522924,1,0.61776197
93856,0,0.7956586
10991,1,0.6302993
7553,1,0.70901346
10718,1,0.4429087
1996,0,0.12575527
28,0,0.49862298
9529,1,0.6922732
185341,1,0.7307588
11023,1,0.7181874
13888,1,0.6664215
264660,0,0.6406305
453,0,0.29463392
1018,0,0.6241573
4170,1,0.6480115
2057,1,0.4214454
11690,1,0.72617227
9477,0,0.08145355
39538,0,0.2937164
9654,0,0.29801673
50646,0,0.36705816
11586,1,0.631214
710,0,0.30849934
196,0,0.43356287
563,0,0.099965416
438799,0,0.6126685
38356,0,0.042415682
15,0,0.71777165
10665,0,0.6710225
47327,0,0.37039164
142061,1,0.715699
2666,0,0.5349825
137,0,0.6248547
152601,0,0.5635179
283445,0,0.813904
9399,1,0.6908272
335778,1,0.5889247
9257,0,0.19337717
336882,1,0.70108235
402,0,0.36924493
10764,0,0.036934044
329440,0,0.763839
449985,1,0.6829184
4347,0,0.5147485
389,0,0.7245261
72710,0,0.40598094
168672,0,0.442386
339259,1,0.58263683
41280,1,0.71010375
75,0,0.23423551
4442,0,0.15004241
154400,0,0.67252547
13022,1,0.59428406
9530,0,0.36817756
395991,1,0.49672714
10586,1,0.36132303
11298,1,0.71756494
37958,0,0.21273057
116745,0,0.1454417
7340,0,0.71179646
80274,0,0.09178186
16007,1,0.6008501
334521,1,0.7010379
60935,0,0.63929075
144336,0,0.48251632
1584,0,0.4717714
273248,0,0.4045708
25195,0,0.5957946
9032,0,0.48174888
227973,1,0.121193305
107846,0,0.36394355
346685,0,0.4429959
9946,0,0.11250976
354857,1,0.73435915
150202,1,0.6755527
9772,0,0.1623263
19556,1,0.70251423
10664,0,0.72820395
339988,0,0.6789013
204436,1,0.6279451
37821,0,0.21317217
5548,0,0.6425328
300168,1,0.2685942
657,0,0.71178126
8810,0,0.71483666
9100,0,0.62887806
2270,0,0.23648882
9339,0,0.17704289
287424,0,0.7909172
11587,1,0.67643726
33,0,0.62596315
371608,0,0.6541029
10601,0,0.11345201
1646,1,0.5779168
24150,0,0.6655548
163,0,0.09152625
175574,1,0.75876695
454527,1,0.5595661
464293,1,0.7863656
341013,0,0.5152584
9362,0,0.65497136
56903,1,0.7263546
217993,1,0.7133952
246355,1,0.73129594
7512,0,0.5186872
10216,1,0.4816008
11975,1,0.43370572
4032,0,0.6126988
9659,0,0.7285727
242310,1,0.6563511
6637,0,0.06951319
76203,0,0.596057
412988,1,0.44992748
12589,1,0.56203115
146301,0,0.75419015
157386,0,0.779161
332567,0,0.6216624
96721,0,0.44976485
525686,1,0.93311554
252838,0,0.5769838
171424,0,0.7046421
218836,1,0.38782775
205724,1,0.78425884
656584,1,0.72513425
45162,1,0.7117748
11212,1,0.36769658
10225,1,0.71694285
11423,0,0.7145064
503919,0,0.6658041
10423,1,0.6352627
16290,1,0.5991831
787787,1,0.8241904
518896,1,0.3783278
70435,0,0.56513363
388045,1,0.81616205
44826,0,0.0479583
420634,1,0.8193663
966,1,0.71152896
9728,1,0.7121809
472674,1,0.49440026
376660,0,0.7747747
436391,1,0.6149722
88,0,0.6840161
520663,0,0.7007684
667,0,0.6626133
324668,0,0.08720068
272693,0,0.7742937
425001,1,0.605784
417678,0,0.81937325
310307,0,0.63005716
768,0,0.48193467
63,0,0.5171629
660,0,0.6893453
11887,0,0.66540366
600354,0,0.77047575
382322,0,0.709512
335360,1,0.78729147
360249,1,0.70571506
1911,0,0.05244326
6957,0,0.54531264
49730,0,0.42088833
881,0,0.43385816
2164,0,0.32822618
447665,1,0.64538616
7214,0,0.5173622
755,0,0.59274477
564082,1,0.8605756
9349,0,0.5655585
347031,0,0.7973207
207932,0,0.21486977
11362,1,0.47237092
4133,0,0.34356
227,1,0.65738976
77805,1,0.6690415
9600,0,0.5109133
413644,1,0.7512266
325348,0,0.82175034
449176,0,0.61882514
9341,0,0.29492864
41436,0,0.715052
12207,1,0.6652275
966220,1,0.982513
3558,0,0.43500584
9392,0,0.7124956
551804,1,0.70857984
9472,0,0.59398204
347375,0,0.48414135
82990,0,0.7174714
1493,0,0.39910373
10715,1,0.18891925
399173,1,0.6917784
572164,1,0.878947
513691,1,0.7198372
1268,0,0.5533198
327833,1,0.6692165
11565,0,0.4521096
27584,1,0.6824996
239563,0,0.7318736
458423,0,0.25747016
5123,0,0.5580823
138697,0,0.7059747
302156,0,0.5083093
311,0,0.5106024
44115,0,0.6066062
14756,0,0.654638
299824,1,0.49969956
56288,1,0.542608
816,0,0.61333567
79224,1,0.7842712
28355,0,0.54021037
13702,1,0.62404156
2486,0,0.11240608
8487,0,0.048053335
8914,0,0.29616085
97,0,0.60897964
9355,0,0.66344017
70436,1,0.5564662
21334,1,0.7404877
1007612,1,0.98651725
384521,0,0.5162013
80280,0,0.69981045
9426,0,0.6237709
722913,1,0.72868943
10823,1,0.72419393
188161,0,0.44072148
500,0,0.71505
627,0,0.69726485
10281,1,0.71835667
397837,0,0.7113801
870606,1,0.8104701
11442,0,0.6482764
11009,0,0.7090369
7551,0,0.21262665
16780,1,0.72232205
10022,0,0.3235086
50321,1,0.056933742
10679,0,0.68975675
6023,0,0.51203525
353070,0,0.5482124
353491,0,0.30225548
1624,0,0.39896283
375366,0,0.782553
328111,0,0.23296738
796,0,0.65616435
716612,1,0.6561036
1547,0,0.66979164
10131,1,0.6457119
581734,0,0.78839594
72387,0,0.5179175
459910,1,0.77307105
77,0,0.66382235
272878,1,0.62258995
9718,0,0.22597328
13515,0,0.4857114
157433,0,0.7022941
107,0,0.6569851
376290,1,0.63842404
16337,1,0.6950641
8292,0,0.3981541
77877,0,0.576834
270774,1,0.49757126
547016,0,0.31560016
298312,0,0.7148135
22582,1,0.7371735
324542,1,0.5369801
100241,0,0.2694472
487297,1,0.5984045
9319,0,0.5202349
208134,0,0.6527024
501170,0,0.5513753
81481,1,0.80132174
407436,0,0.04592028
266285,1,0.662097
8916,0,0.2993005
514999,0,0.6639901
187,0,0.44118392
658,0,0.7086427
400650,0,0.069746286
521777,0,0.69827706
387,1,0.6300374
293768,1,0.66271544
1966,0,0.054911844
2034,0,0.39890087
55931,1,0.6964569
16866,0,0.25051522
38199,1,0.6283402
426613,1,0.8023233
13920,1,0.47790843
38317,0,0.1886147
9906,0,0.3679789
504172,0,0.36678717
376004,1,0.77454203
11090,0,0.5870057
364,0,0.18388145
619,0,0.5487845
244,1,0.71865237
9073,1,0.50893044
9255,0,0.54941
428399,1,0.676999
10045,0,0.64966005
97630,0,0.4452886
477462,1,0.78746533
458594,0,0.554215
11808,1,0.29477566
8055,0,0.49495822
473033,0,0.72805774
957,0,0.5678393
57212,0,0.25797153
392044,0,0.3836895
10431,0,0.5556896
236751,1,0.6453657
126337,1,0.78538716
347969,0,0.30882418
629,0,0.6858731
559581,1,0.7454065
594,0,0.2935754
9374,0,0.32597446
694256,1,0.9333608
168530,0,0.55741155
6145,0,0.66251993
364433,0,0.79901904
399170,0,0.5499518
264644,0,0.6739636
340945,1,0.4358269
10866,1,0.56761634
18405,0,0.6422604
7484,0,0.16443272
298,0,0.16211584
2133,0,0.079704575
14317,1,0.4906039
829,0,0.68498474
239571,0,0.54788244
434555,0,0.69696546
49017,0,0.32766634
11658,1,0.7269414
2323,1,0.6274148
266647,0,0.056928817
792,0,0.68459225
11509,1,0.5637542
398978,0,0.052794453
8247,0,0.16279502
2662,0,0.68227315
10987,1,0.69878125
11281,0,0.7109717
39451,0,0.110842064
9804,0,0.0458371
535167,1,0.51663995
927,0,0.652409
9461,1,0.6646333
290250,0,0.3606417
467938,0,0.8267281
613583,1,0.6849877
82390,1,0.6429803
1378,1,0.7136048
13885,0,0.36061606
38810,0,0.73421735
322,0,0.5476148
10623,1,0.551686
555974,1,0.66432506
51052,1,0.68209416
9604,1,0.5208478
33542,1,0.6839857
18131,1,0.68019575
27579,1,0.5962636
2502,0,0.21001792
22949,1,0.48008123
12139,0,0.47513267
12657,1,0.63005286
86837,1,0.6801444
9767,0,0.35372317
267193,0,0.4740114
288158,1,0.64541304
11007,0,0.43628162
10676,0,0.71502227
109431,0,0.48760355
938,0,0.7193031
10189,0,0.54255563
26022,1,0.6537212
9889,0,0.4436784
1878,0,0.5963148
25239,1,0.7363537
109520,1,0.7959171
203801,0,0.21271771
9800,0,0.5426606
46146,1,0.7248447
306,0,0.36102483
517302,1,0.9253756
360365,1,0.6366186
184098,1,0.5586773
2310,0,0.23526913
454458,1,0.4146523
440597,0,0.64743555
73499,1,0.61023766
254473,0,0.6173069
62838,0,0.31945792
539537,0,0.6856161
11531,1,0.63627917
474335,1,0.6454789
240483,1,0.59007525
5653,1,0.5198149
194,0,0.6574052
4513,0,0.5166015
397422,0,0.7620772
13596,1,0.58976483
41402,0,0.59629047
24402,1,0.7234885
42949,0,0.2342047
18764,1,0.66000456
360606,1,0.70203817
21407,1,0.7062675
34672,1,0.7284255
655,1,0.7117971
10474,1,0.7177891
9476,0,0.2649155
5503,0,0.4055097
712121,1,0.7348981
39691,1,0.1712905
335777,1,0.54173046
37056,0,0.5116094
292280,0,0.6920395
64686,0,0.043948967
340676,1,0.6986005
524,0,0.34708247
1538,0,0.2627301
571,0,0.707707
557950,1,0.7754708
241554,0,0.36729327
12405,0,0.6314796
10796,0,0.37424165
84228,1,0.74546844
43923,0,0.6803823
106747,0,0.64349705
13830,1,0.736397
430040,1,0.47519484
2567,0,0.09150083
17692,0,0.5862389
544,0,0.564506
1640,0,0.68081135
359940,0,0.62882805
290864,1,0.56505334
49047,0,0.09998146
22971,0,0.5533084
788,0,0.54888254
718633,1,0.6710352
492,0,0.63743114
492611,1,0.6772111
4970,0,0.434139
6947,0,0.30275527
58431,0,0.53639054
8337,0,0.70554435
13510,1,0.64632255
515789,1,0.87472767
25602,1,0.67254096
1360,0,0.6448859
38358,1,0.72936267
782,0,0.46481124
9522,0,0.43934116
548473,1,0.6907697
4148,0,0.47130147
23169,0,0.62000644
700,0,0.5311743
1991,0,0.55026144
9557,1,0.59877366
9312,0,0.60763144
489999,0,0.91800994
11824,1,0.72283846
660942,1,0.8639216
1597,0,0.3267475
227783,1,0.536084
19277,1,0.6301276
9829,1,0.6320792
335788,1,0.2686631
9947,0,0.4133055
510,0,0.70454454
38745,0,0.090506084
8769,0,0.6670543
147773,1,0.70916325
13223,0,0.49650526
90,0,0.6289623
4547,0,0.38026056
615453,1,0.90370405
211954,1,0.7337964
682,0,0.6783012
7459,0,0.079619244
818,0,0.27687755
10007,1,0.6844785
24100,1,0.47601599
517093,1,0.7923209
7183,1,0.28993335
84174,0,0.72822005
460846,1,0.64196837
12233,1,0.5203641
401469,0,0.42963642
846,1,0.25922498
180,0,0.10838473
44040,0,0.67513204
619730,1,0.619164
353616,0,0.54387194
396371,0,0.5134934
404733,1,0.599816
1586,0,0.43364567
2899,0,0.3052771
34583,1,0.73305255
6068,0,0.23572932
505058,0,0.7625157
947,0,0.6236752
37247,0,0.70509934
431530,0,0.5365891
438689,1,0.8375354
96,0,0.5249338
12253,1,0.5659712
1636,0,0.3765381
290512,0,0.47134095
1977,1,0.71085685
484247,0,0.60670143
10327,0,0.40546322
107985,0,0.5878335
11618,0,0.18412158
10027,0,0.39860845
617,0,0.58653545
301337,0,0.24923556
8584,0,0.33113524
664,0,0.13523245
152532,0,0.72995085
82650,1,0.5765801
437557,0,0.60768217
44037,1,0.7165808
314,0,0.1107834
122857,1,0.66298753
10529,1,0.36845568
11013,1,0.70552343
152584,0,0.70831317
10497,1,0.69143194
334543,0,0.7453638
8536,0,0.33627862
561362,1,0.8069777
434355,1,0.67815065
361292,0,0.5948689
335,0,0.69146156
79509,1,0.7040485
9457,1,0.3978392
11026,1,0.1859376
928,0,0.36292934
9003,0,0.7206898
1948,0,0.64771223
157845,1,0.65554476
1788,0,0.6742844
1621,0,0.62224996
396806,0,0.5953093
8007,1,0.43491822
9610,0,0.60601765
340837,0,0.43512416
434203,1,0.7051029
345920,0,0.46439582
49022,1,0.48099974
184346,0,0.52724427
568,0,0.34737283
749274,1,0.6587549
473309,1,0.85662955
282813,1,0.6962687
1903,0,0.24645379
351460,0,0.4881003
10159,0,0.1687454
283552,1,0.6237609
60307,1,0.5933929
503,0,0.052332833
621191,1,0.9459943
368940,1,0.75586826
58244,0,0.30312848
10008,1,0.6518095
11051,1,0.6774426
417830,1,0.57491255
407887,1,0.6475086
10336,0,0.4452181
433808,0,0.74300176
123,1,0.7004785
32856,0,0.35282028
9798,0,0.14234182
9766,1,0.5118008
451915,0,0.60716325
64586,1,0.6863739
11231,1,0.6494619
1685,1,0.7064489
1696,1,0.68227315
170687,0,0.42068914
9890,0,0.14306879
1738,0,0.23490809
1975,1,0.5890442
7299,0,0.58902335
9352,0,0.561795
1669,0,0.5105852
525657,1,0.6859254
346808,1,0.7005719
454,0,0.6267016
150,1,0.6432245
634,0,0.54938114
9390,0,0.36286986
12182,1,0.6778301
400710,0,0.59589875
6978,0,0.5492571
2157,1,0.18395951
13027,0,0.18778563
21481,1,0.60552955
487083,1,0.8399674
9506,0,0.2089986
16281,1,0.6735295
13455,0,0.44884074
37136,0,0.64600533
225574,0,0.36741823
11335,1,0.58758545
11918,0,0.48375347
691,0,0.6312529
261392,0,0.64418316
1887,0,0.43599206
431,0,0.72118855
458534,1,0.6929207
205775,0,0.12236743
50839,0,0.7443363
366924,1,0.7223636
9612,1,0.49660197
33408,1,0.6981015
14367,1,0.6916096
70074,1,0.33346283
693113,1,0.6236352
265195,0,0.7440454
9264,1,0.7142617
10096,0,0.4581871
531876,1,0.625159
496,0,0.60148615
766,0,0.6515586
579,0,0.5881239
515195,0,0.5709188
338766,0,0.6508785
460668,0,0.50302243
533,0,0.5110953
87516,0,0.54036623
425336,1,0.6943608
122081,0,0.704699
9350,0,0.23682532
455551,1,0.70510036
9825,1,0.5399116
623511,1,0.8062656
10481,0,0.16788703
10030,0,0.55518174
241251,0,0.7144295
9383,0,0.1253294
416477,0,0.69677037
11675,0,0.61437607
9631,0,0.36501396
445629,1,0.68713355
50765,1,0.6847474
12610,1,0.20871997
9038,0,0.29972246
9268,0,0.1129251
38303,1,0.59325117
316023,0,0.61049175
8469,1,0.70812374
351211,0,0.73486495
74465,0,0.36189237
16690,0,0.6822384
15138,1,0.8111483
9560,1,0.59272003
293,1,0.6434402
9361,0,0.43353626
11596,1,0.67166334
59436,0,0.6141197
13804,0,0.16654931
98357,0,0.32063392
9377,0,0.6853703
372343,0,0.5161208
693,0,0.18433648
35690,0,0.6010486
5549,0,0.47851413
397852,1,0.88464886
3594,0,0.51182264
10906,1,0.6779537
55721,0,0.51197106
293646,1,0.5924959
11469,1,0.36954665
1904,0,0.16321088
207686,1,0.82758224
867,1,0.43672988
14174,1,0.7279865
5825,0,0.5367471
11358,1,0.3241599
152760,0,0.23445298
1491,0,0.61450094
57089,1,0.525589
741228,1,0.65879357
9641,0,0.298425
381902,1,0.25129357
1499,1,0.5965747
240916,1,0.76616555
19580,1,0.70886534
389015,0,0.6629859
20766,0,0.51601684
41216,0,0.19594847
1581,0,0.16367689
38258,1,0.73042136
230179,1,0.69607896
8488,0,0.23646788
319888,0,0.5636622
171274,0,0.58781505
78383,1,0.67372656
29427,0,0.592478
12096,0,0.26448327
492188,0,0.6006478
10577,1,0.5281405
872,0,0.7091075
300673,0,0.18778248
3050,0,0.23292588
932355,1,0.9221295
28260,1,0.71870327
575264,1,0.024336416
11153,1,0.62189406
188207,0,0.2825379
40807,0,0.6789546
480042,1,0.7156642
9292,1,0.26344922
580,1,0.56667906
6171,0,0.24721034
274167,0,0.37066922
2135,0,0.19342992
2268,0,0.043727256
10200,0,0.18849212
192102,0,0.546648
16620,1,0.6987407
4638,0,0.6455634
921,0,0.15091904
4995,0,0.6223251
12699,1,0.70362955
2043,0,0.2942997
9619,0,0.08448751
369972,0,0.2587975
316152,1,0.36443406
25793,1,0.6663441
326215,1,0.7647274
8009,0,0.6242854
441130,1,0.90526026
127493,1,0.50561094
2288,0,0.53428596
9598,0,0.5175202
2832,0,0.5262984
11778,0,0.6236212
71,0,0.6905322
1892,0,0.49395955
275,0,0.6777992
83389,1,0.5858925
326,0,0.49055517
926,0,0.3994338
11452,0,0.69133824
10323,1,0.63245803
11001,1,0.27203348
4771,0,0.59407073
38579,1,0.36829305
2698,0,0.045821242
1656,0,0.20889895
186,0,0.5326468
420814,0,0.2124347
246403,0,0.7070172
513223,1,0.8092103
9344,1,0.7242731
309809,0,0.31841287
6950,0,0.3627755
226486,0,0.6049812
9313,0,0.47383818
559907,1,0.6822759
10756,0,0.14582984
504608,0,0.43360227
464502,1,0.6077528
83542,0,0.10614946
559957,1,0.56684595
2023,1,0.11152377
260535,1,0.70797235
10603,0,0.33691427
115,0,0.62191033
184,0,0.6432222
346,0,0.71101826
9454,1,0.5441044
289222,1,0.5874003
3597,0,0.61258316
381283,0,0.51076317
9655,0,0.5970907
4964,0,0.51798123
8836,0,0.5126475
332270,1,0.766631
259695,1,0.09476835
699,0,0.527387
14435,1,0.62554115
13597,0,0.5552428
14919,1,0.69507766
15212,1,0.70375913
277685,0,0.7531482
11069,1,0.700172
4929,1,0.7172188
9092,1,0.547618
2253,0,0.20958242
843,1,0.7225843
11252,1,0.29476967
34480,1,0.6906066
11620,1,0.67639107
644,0,0.110798806
507076,0,0.77739567
1428,0,0.5177946
109443,0,0.36738342
4588,1,0.6266143
354279,1,0.7223225
12403,1,0.6320626
583406,1,0.66238767
1588,0,0.5338436
11077,1,0.6594379
567690,1,0.5592673
37137,0,0.5659217
465086,1,0.78458256
112205,0,0.5096146
11319,0,0.7264431
774456,1,0.79388505
6522,1,0.19284849
2140,1,0.550527
12208,1,0.65523356
10068,1,0.60803246
10157,0,0.6844209
9315,0,0.3322824
399366,1,0.70831496
372084,1,0.83291274
8859,0,0.64944917
18781,1,0.6709642
629017,1,0.71992445
357940,1,0.81348985
575769,1,0.79517066
24056,1,0.682508
473149,1,0.7151514
52451,0,0.20818432
1578,0,0.6005157
65754,0,0.1500231
10911,1,0.687508
62764,0,0.16591617
10307,1,0.5192504
15357,1,0.6384888
556694,1,0.2974151
83533,1,0.023541933
21972,1,0.52067655
709,0,0.49686623
300681,1,0.51822
668,0,0.68279105
9593,0,0.16631597
777270,1,0.56833744
454992,0,0.604523
16538,0,0.4335082
195590,1,0.6695271
11104,1,0.7284468
9833,1,0.23509435
10708,0,0.3055128
59961,0,0.17147994
82695,0,0.29436228
75736,1,0.7249423
8867,1,0.666303
3536,1,0.2817486
48171,0,0.4909797
326423,1,0.5944758
12435,1,0.5938028
405965,1,0.68539846
14746,1,0.6257637
9919,0,0.3637783
4379,0,0.41632375
9614,0,0.64547616
16235,1,0.7015737
395458,0,0.5478682
9884,0,0.16312659
253,0,0.67887837
10950,0,0.57234156
10357,0,0.14335616
25748,1,0.7359839
517096,1,0.7798888
22586,1,0.60937256
9760,0,0.59699106
475,1,0.7079027
11954,1,0.5516979
15668,1,0.5929895
12700,1,0.5139279
6278,0,0.29575506
204922,0,0.57299924
12113,0,0.2342819
29996,1,0.6958306
943,0,0.47243547
241,0,0.4794641
9354,0,0.6055367
212778,0,0.65933853
22972,0,0.112422615
9535,0,0.18455234
197796,0,0.503843
255343,1,0.61549026
1639,0,0.052564044
7350,0,0.3967176
1412,1,0.71578187
213,0,0.69749945
241848,0,0.71977675
509,0,0.4197515
284,1,0.7041258
813,0,0.70311505
578189,1,0.65746284
16140,1,0.62333244
9966,1,0.62216854
12142,1,0.5880856
36362,1,0.692083
320,0,0.38937837
10734,0,0.6724053
10663,0,0.5707678
433694,1,0.7364969
244566,1,0.7193889
8005,0,0.58761215
7552,0,0.11133123
12620,0,0.56295514
31011,0,0.39453426
172391,1,0.6863804
500682,0,0.3810321
146198,0,0.5917319
19101,1,0.61424845
454294,1,0.42200133
11052,1,0.69653827
460555,1,0.3134477
5925,0,0.70035386
8202,0,0.2885724
369885,0,0.16257337
360814,1,0.75694674
10771,0,0.3040029
11481,1,0.7268802
380,0,0.5486087
387592,1,0.37264538
865,0,0.546811
408648,1,0.7329268
12106,0,0.49514267
509874,1,0.73331964
9029,0,0.48085672
36669,0,0.062311266
1825,0,0.5517507
907,1,0.65150857
9678,0,0.1645295
580175,0,0.6904322
51822,1,0.69673294
40805,0,0.07971126
239,0,0.7047604
2898,0,0.36202464
13333,1,0.73023456
11622,1,0.47560722
8393,1,0.7025992
9486,0,0.55372405
780382,1,0.6681138
11649,1,0.5799158
263341,1,0.5875078
579051,1,0.7675239
308504,1,0.4420578
258480,0,0.64627177
26505,0,0.1546831
10780,1,0.7113145
9475,0,0.5020609
2044,0,0.43840644
433310,0,0.74456525
76025,0,0.6925723
416234,0,0.7077685
15121,0,0.66936433
8374,0,0.6959791
55465,1,0.622819
376867,0,0.7196031
9366,0,0.47275594
9064,1,0.7137591
525,0,0.5338656
686,0,0.1429512
10637,0,0.51608944
9909,1,0.57138
4141,0,0.44782165
50456,0,0.5151841
40264,0,0.60341793
7303,0,0.33273485
88005,0,0.6648491
326947,1,0.86876154
11881,1,0.72831875
9975,1,0.37042242
6519,1,0.37359658
10730,1,0.5640391
59981,1,0.23562188
2789,0,0.101078466
429300,0,0.51088095
459992,0,0.44291496
6069,1,0.57765657
10222,1,0.7263166
133931,1,0.68035734
68730,0,0.43273076
452557,1,0.5324735
707,0,0.51134783
847,1,0.47277924
227306,0,0.30384967
10393,1,0.3634731
179053,1,0.768415
1089,0,0.5577019
485415,1,0.7792795
292431,0,0.7389101
13673,1,0.296205
65057,0,0.59883565
11260,0,0.2998782
708,0,0.4360723
294272,0,0.3129452
884,1,0.6659574
365942,0,0.520997
317744,1,0.76922655
11377,1,0.4646578
14282,1,0.30844426
19824,1,0.6970864
9331,1,0.28268614
7453,0,0.36794454
54540,1,0.65800434
37933,1,0.5858926
2277,0,0.11118833
37950,0,0.4172043
1643,1,0.7168843
45269,0,0.6298551
8068,0,0.6778258
318781,0,0.6346709
840,0,0.58532256
19959,0,0.18501377
25,0,0.2233703
48391,1,0.79541814
46261,1,0.564277
2085,1,0.5516856
451,1,0.7003596
117,0,0.54776436
6282,0,0.40219334
294963,0,0.7825559
1957,1,0.45250434
446021,0,0.5695631
2022,0,0.36439013
455207,0,0.5882577
9407,1,0.38168076
470044,1,0.57539815
625568,0,0.5376351
587412,1,0.83082515
8838,0,0.29654717
8619,0,0.057211973
10533,1,0.36143744
613,0,0.59826225
57876,1,0.7332211
1965,1,0.29599944
36593,0,0.5128582
1497,1,0.55515325
391,0,0.7230802
11635,0,0.56275845
806,1,0.5506066
824,0,0.34404218
10622,1,0.6531026
9954,1,0.5949867
383538,1,0.8266307
419831,1,0.72500646
500916,1,0.7644643
54318,1,0.43931118
303903,1,0.56633145
10134,1,0.73220295
10428,1,0.5868097
3580,0,0.32680428
174751,1,0.5613991
13051,0,0.47529897
3176,0,0.7004728
79,0,0.5020647
2623,1,0.6789972
770,0,0.69935495
76494,0,0.4493375
7305,1,0.5139608
157353,0,0.11106532
38117,0,0.62559867
401513,1,0.7428132
15472,0,0.64889896
279,0,0.6008008
39486,1,0.4725032
9869,1,0.3992248
11416,1,0.55465764
2179,1,0.5757758
460648,1,0.49954495
11797,1,0.67458355
14873,1,0.6022211
9531,0,0.44347453
351145,1,0.88396436
10329,1,0.3630796
642,0,0.68536437
17898,1,0.76633644
4553,0,0.6956402
452,1,0.7072056
38157,1,0.7399699
414419,1,0.32599613
923,1,0.721248
49049,0,0.3719123
518764,1,0.79882604
4478,1,0.44984138
28211,0,0.63544303
9907,1,0.35566112
19585,0,0.05653333
681,0,0.6781456
8367,0,0.37560412
326284,1,0.67841756
475210,0,0.59785765
390051,1,0.673758
504,0,0.67206144
10052,1,0.29421884
137321,1,0.33406147
4961,1,0.5140054
397873,1,0.80133235
12162,0,0.63002545
17431,0,0.6993011
11817,1,0.3615299
262391,0,0.66826636
14289,1,0.30359417
546230,1,0.8301872
13154,1,0.68462247
329540,1,0.7537272
9669,1,0.6899383
11133,1,0.5959252
8849,1,0.29949388
22907,1,0.5073499
3600,0,0.26937366
10053,1,0.6301044
501979,1,0.55181056
355506,1,0.74149835
254904,0,0.6472073
9691,1,0.36161238
50359,1,0.2808394
10057,1,0.51248485
1551,1,0.54078996
336000,1,0.7554519
1398,1,0.723135
9606,1,0.63565475
203316,1,0.74173343
318850,1,0.62513405
54445,1,0.68484867
11678,1,0.21026853
531428,1,0.70070916
210860,0,0.29470485
12797,1,0.5873389
6961,1,0.6301701
46332,1,0.7047464
11667,0,0.47521028
12133,0,0.26856846
576784,1,0.7261292
8195,0,0.32759324
393519,0,0.84991634
18162,0,0.113557756
95610,0,0.47313792
9550,1,0.6248605
246741,0,0.7239069
202575,1,0.6494612
40171,1,0.66558397
801,0,0.63710415
71469,0,0.5134205
8326,1,0.5936846
9277,0,0.6886513
376659,0,0.5965707
252680,1,0.7571253
6312,1,0.51837945
18501,0,0.3674964
23759,1,0.6517081
10974,1,0.6332065
77883,0,0.6347053
16411,1,0.72397757
8967,0,0.49829242
71864,1,0.5523338
9012,0,0.7027957
11637,1,0.49716973
72013,1,0.8174384
504997,1,0.69813484
9944,1,0.3977687
9320,1,0.29692253
16296,1,0.72005695
3035,1,0.7238255
440472,1,0.45673192
10127,1,0.7119586
9693,0,0.20387314
88042,1,0.56448764
13809,0,0.5999523
2395,0,0.119928256
9493,0,0.622715
388,0,0.39725664
384680,0,0.33443746
10204,0,0.09307382
12100,1,0.08637512
17097,1,0.72915107
79316,1,0.75586116
9462,1,0.7294096
446807,1,0.5093585
13056,1,0.5903961
817,0,0.49662602
505600,0,0.7045899
504982,1,0.6676101
9788,0,0.5657879
60308,0,0.36361486
523777,1,0.70694953
50348,0,0.45156515
59962,0,0.27273405
467909,1,0.38199708
11258,1,0.23706113
411221,1,0.9079563
407451,0,0.15355688
146,0,0.6075258
16535,1,0.7145517
12597,1,0.71892357
11653,1,0.6356821
11827,1,0.6767002
8012,1,0.508212
442056,1,0.74159914
308529,1,0.63580495
9285,0,0.6283561
307663,1,0.7370194
16441,1,0.67811966
2112,0,0.14272742
1858,0,0.057548832
11543,1,0.53349614
336011,1,0.8720174
257091,0,0.44725427
7450,1,0.21198261
225565,0,0.78450716
11113,1,0.61336935
262543,0,0.6934927
13377,1,0.73300093
84575,1,0.71578306
11533,1,0.7260234
9920,0,0.518204
16617,1,0.5356397
11321,0,0.32892895
8975,1,0.59915054
18487,0,0.110786125
9036,0,0.4362795
935,0,0.7110586
335462,1,0.65519154
75674,1,0.6767534
76649,0,0.113712035
795,0,0.32789847
9482,0,0.14450176
42297,0,0.33702758
286668,1,0.7114278
81446,1,0.7500307
34004,1,0.79499775
145135,0,0.7178993
3114,1,0.7028582
188222,1,0.53176963
11676,1,0.54814553
10998,1,0.62968534
292011,0,0.4048128
615137,1,0.9202851
9357,0,0.64959145
2026,0,0.4377446
107811,0,0.6498718
762,0,0.7216927
28597,1,0.6317487
8741,0,0.35097182
10292,1,0.7131512
8738,1,0.6449987
9272,1,0.6133793
790,1,0.7181022
10539,1,0.45643252
11172,0,0.43609777
301502,1,0.5751779
16340,1,0.6204282
68179,1,0.54226327
4944,0,0.4567365
9665,1,0.60158926
235,0,0.67091066
452832,0,0.5506311
425505,1,0.67452836
15144,0,0.6900131
19405,1,0.68734825
5966,0,0.4212264
47407,1,0.73689646
190955,1,0.547291
1677,1,0.4372404
383785,1,0.28291917
968,0,0.7153563
10413,1,0.6286455
13813,0,0.49847683
203739,0,0.55175817
10069,1,0.6729708
459202,1,0.5680878
49012,1,0.45292306
2428,1,0.5905334
673174,1,0.7733695
10775,1,0.7281241
10957,1,0.5696403
15516,1,0.73106945
157058,1,0.72950864
11031,1,0.7092419
446696,1,0.6657381
7735,0,0.6854126
7345,0,0.55038714
97367,0,0.63862795
345922,1,0.5910117
1051,1,0.7141155
463272,0,0.6548525
49526,0,0.4713772
10476,1,0.67849195
4584,1,0.6151649
9879,1,0.36723572
28739,1,0.70653653
10611,1,0.6475256
944,0,0.062247105
11114,1,0.6770689
11017,0,0.66465366
241239,1,0.6463673
1807,0,0.7060241
302401,0,0.44599873
9616,1,0.47557837
486131,0,0.53845114
286565,0,0.7425206
115348,1,0.47584173
36685,0,0.7165023
37094,0,0.54862213
266294,0,0.5374738
319,0,0.64009666
6623,1,0.3666696
95993,1,0.74228054
282631,1,0.7527364
169881,1,0.47805628
11547,1,0.7167712
22954,0,0.29354128
261023,0,0.35090134
2118,0,0.4714342
324560,1,0.64519715
10122,1,0.66529965
413052,1,0.745724
1443,0,0.68431205
8069,1,0.67313504
454293,0,0.561342
18736,1,0.6275364
6439,1,0.5180611
1213,0,0.43528152
500475,1,0.78387886
24420,0,0.4551202
17466,1,0.7026366
17379,1,0.40578872
1598,0,0.47162902
811634,1,0.8197042
321741,0,0.5810916
46838,0,0.7017856
10536,1,0.7088706
399174,0,0.3477455
24803,0,0.43577403
201,1,0.2938376
12160,1,0.2761953
8840,0,0.31599846
7520,1,0.5914056
226857,0,0.627323
522,0,0.60021204
500852,1,0.64777076
5176,0,0.3264634
8676,0,0.23680593
109410,0,0.43399864
446354,0,0.36045885
265177,0,0.7202327
69798,1,0.7877188
339380,1,0.5982754
6283,1,0.44968337
13121,1,0.7235551
308639,1,0.70866793
9778,0,0.529821
9816,1,0.6433277
11216,0,0.6996026
9618,0,0.33324385
4349,1,0.23832898
1541,0,0.61497563
70868,1,0.559211
370567,1,0.30577222
167073,0,0.66977274
11228,0,0.18650293
688,1,0.55578053
51162,1,0.53655386
395993,1,0.5256147
11282,0,0.6762753
400157,1,0.361008
5923,1,0.64372003
218778,1,0.53354096
11551,0,0.43401018
4824,0,0.29659277
9400,1,0.66977787
445954,1,0.6657267
313922,0,0.7003075
10314,0,0.6686843
2275,1,0.29466617
554241,1,0.54616183
10537,1,0.44934258
2976,0,0.36641368
21301,1,0.608979
9592,1,0.7267922
2655,0,0.11039913
313943,1,0.79934293
17918,1,0.65884113
694234,1,0.91893655
377264,0,0.72248834
2259,1,0.550022
498248,1,0.667431
10375,1,0.33037674
10017,1,0.7122644
11971,1,0.6520447
463821,0,0.4205299
2649,0,0.36153287
9651,1,0.474142
11888,1,0.47369963
198277,0,0.6754521
15371,1,0.6886729
9870,0,0.5214574
289,0,0.7175596
508,0,0.43479237
11428,1,0.63747245
10303,1,0.5506668
1687,1,0.7086295
10073,1,0.59749264
375262,0,0.6426137
33196,1,0.6347666
293670,1,0.66706747
82696,1,0.5106848
8953,1,0.5755509
10587,1,0.62216073
145220,1,0.3653059
3034,0,0.7070699
69,0,0.52481365
11185,1,0.61608124
10851,1,0.53398675
13855,1,0.08237396
9091,1,0.47679448
1900,0,0.37497118
333667,1,0.29676723
11976,1,0.5552339
115084,1,0.7351011
9397,0,0.18456413
426285,1,0.702867
257874,1,0.74111587
184341,1,0.5952952
13012,1,0.7124671
11979,1,0.47769484
532671,1,0.7445
11870,1,0.62536365
205,0,0.6041167
12481,1,0.7358823
628914,1,0.72553307
4643,1,0.660585
521,0,0.7141597
11683,0,0.6333079
9607,0,0.3821501
224141,0,0.36932495
12309,1,0.6982032
11096,0,0.5114291
437068,1,0.6539506
9208,0,0.3619851
11259,1,0.29419586
763329,1,0.85370415
14412,1,0.66508865
13342,1,0.7009068
8844,0,0.26315346
406,0,0.70673823
6557,0,0.51456374
419704,0,0.15320382
9276,0,0.62217057
39256,1,0.80115396
10466,1,0.66638196
599,1,0.7125108
1542,0,0.6593362
538207,1,0.7776314
58151,0,0.52546716
665828,1,0.633946
9456,1,0.66335374
16314,1,0.69120353
1700,0,0.58652467
794,1,0.70545626
10312,0,0.3611806
9753,1,0.6747866
429471,1,0.587984
109491,0,0.33379263
152,0,0.4717196
1921,1,0.43677336
153,0,0.69725055
325789,0,0.54391164
2525,1,0.6039098
334,0,0.45672047
12122,1,0.5718048
406429,1,0.4642108
16320,0,0.44979575
11081,0,0.40121537
140818,1,0.70960265
15379,1,0.7193884
620725,1,0.72114676
309886,0,0.66436195
334541,0,0.66732395
2005,0,0.5033702
73935,1,0.6309514
11850,1,0.7079222
32823,0,0.44783777
6435,1,0.2082241
14451,1,0.733038
64807,1,0.43723685
6589,1,0.55726737
180863,0,0.60121334
71859,0,0.68676454
38778,0,0.24246097
10185,1,0.6271115
38167,0,0.2992213
11006,1,0.70209867
9008,1,0.14237478
12144,0,0.6527685
8409,1,0.47080517
10673,0,0.62217444
428449,0,0.7714082
168,1,0.5555336
688258,1,0.7775404
9425,1,0.21337874
9406,1,0.57739824
551,1,0.6920835
9963,0,0.595058
134411,0,0.4824866
9768,1,0.6536968
10331,0,0.7318989
805,0,0.7036824
6404,1,0.7148564
321697,0,0.5097326
4255,1,0.72943956
6075,0,0.50989354
9986,1,0.16321205
6933,1,0.5929207
1574,0,0.39868352
503616,1,0.6245133
567646,1,0.83147424
170522,1,0.6425578
31947,1,0.6636684
9822,1,0.14477995
112949,0,0.5279889
14854,1,0.70126766
9411,1,0.39131042
11170,1,0.2691967
2018,0,0.4752219
11152,1,0.68031836
22371,1,0.71123916
336004,1,0.674443
157354,1,0.79268694
405177,1,0.58619523
10471,1,0.66206264
18183,1,0.7201793
20856,1,0.4083471
9035,1,0.6245615
398175,1,0.74105394
525661,0,0.49530482
359412,1,0.6251368
8869,1,0.5239554
11188,1,0.5719533
350650,1,0.58491474
5915,0,0.6224686
10199,1,0.29993683
622,0,0.45011398
1844,0,0.25829604
10477,1,0.12993439
10610,1,0.4348303
316154,1,0.78317297
296098,0,0.43887135
889,1,0.1720881
301365,0,0.7083756
243938,1,0.47264627
10908,1,0.62655
617505,0,0.6366479
5820,1,0.29855183
10706,1,0.6688091
10646,1,0.65828246
11713,1,0.73456657
549053,0,0.5950702
284536,0,0.5572198
535544,1,0.70521504
429197,0,0.30014247
15189,1,0.49300054
9815,1,0.6645067
23049,1,0.6096854
299245,1,0.8606261
9408,0,0.1631273
449755,1,0.6576924
109424,0,0.38224307
77234,1,0.67846465
14059,1,0.7033558
9489,0,0.26410455
793,0,0.6852207
1125,1,0.2370392
40170,1,0.74110216
140823,0,0.4779893
5289,1,0.5163588
36691,1,0.62358654
2671,1,0.72042614
36419,1,0.707412
25376,0,0.72796327
137093,0,0.52635545
1090,1,0.6178089
513045,1,0.6435615
10719,0,0.49648377
329981,1,0.7475934
9346,1,0.69195175
484468,1,0.7870876
302688,1,0.61234593
2576,1,0.70804447
9626,1,0.6009128
11411,0,0.61730564
9972,1,0.5671788
234004,1,0.60452193
380111,1,0.6774461
9671,0,0.7030559
582,0,0.71142423
10552,1,0.68010765
8699,0,0.54934865
228066,0,0.43514663
435577,1,0.67435414
60062,1,0.6165687
16161,1,0.6202276
50647,0,0.4746291
839,1,0.7237232
16790,1,0.6622975
811596,1,0.51200217
10564,1,0.6276334
698,0,0.48154828
26466,0,0.6592739
575094,1,0.83045137
11066,1,0.4496201
2046,1,0.6579125
12184,0,0.48033208
134,0,0.54025656
1907,0,0.43619356
455043,1,0.5637689
9384,0,0.2993475
243940,0,0.77081996
302,1,0.67283934
2163,1,0.4675049
2493,0,0.61475605
1440,1,0.5413802
421658,1,0.5960591
11820,0,0.26371223
12159,0,0.16330545
5038,0,0.62371665
164558,1,0.68333954
423988,1,0.8664731
347911,1,0.885627
9322,0,0.66768503
505436,1,0.6302404
146203,1,0.75102395
9030,1,0.64999956
404378,1,0.6845225
791,1,0.6027419
31867,0,0.50871223
10160,1,0.6914325
19366,1,0.5815867
34636,1,0.6152115
801803,1,0.9374378
234,1,0.7226267
497814,1,0.6871196
10435,1,0.5024598
9599,1,0.5959375
9615,0,0.17474948
10025,0,0.53527516
57157,1,0.65023607
8848,0,0.5889076
2099,1,0.6716183
15655,1,0.5314196
393209,1,0.023541933
6415,0,0.21049745
12763,1,0.51835597
9494,0,0.6811534
8491,1,0.68871707
10907,1,0.7172998
2294,1,0.5750185
340176,1,0.7451303
2619,1,0.6712373
164,0,0.7069352
323661,1,0.7323617
9801,0,0.4366199
437586,1,0.7309123
1535,0,0.08518601
45317,0,0.5502481
4997,1,0.6984188
40466,1,0.7162928
11812,1,0.41402015
10808,0,0.24186651
410199,1,0.8420096
16288,1,0.71098745
244506,1,0.81510365
898,1,0.70808727
245703,0,0.63806456
38050,0,0.3598382
3179,1,0.6449283
26388,0,0.72410995
82,0,0.06776503
15417,1,0.7048746
10632,1,0.32776076
20093,1,0.72178423
334074,1,0.58641946
2605,1,0.6614686
10152,1,0.60324425
4251,1,0.6852405
10891,1,0.69458765
7737,0,0.40499318
8834,1,0.20854606
81836,0,0.6078904
18947,0,0.3613581
36643,0,0.0654083
859,1,0.63001925
12289,1,0.1866176
1281,0,0.6181124
659959,1,0.74279976
19345,1,0.6566948
103663,0,0.6991836
14239,1,0.51218456
19384,1,0.69383734
50725,1,0.60122734
13969,1,0.5159867
19901,0,0.5924875
341006,1,0.69716877
38842,1,0.57302403
13991,1,0.68601567
327,1,0.64392453
602545,1,0.80771136
11864,1,0.43682227
9398,0,0.525757
901,1,0.7157441
365045,1,0.6752761
11838,1,0.70975256
14113,1,0.20760678
13250,1,0.59445584
1955,0,0.69160134
152259,1,0.6602525
406761,0,0.7615059
5550,0,0.58126104
30923,1,0.59085894
398173,0,0.65850306
479,1,0.3932587
10072,0,0.70030683
2768,1,0.6937316
243,0,0.5100627
368031,0,0.66013706
295964,0,0.59380054
489064,1,0.708173
29564,1,0.68446714
203,0,0.71925384
8963,1,0.33966193
329833,0,0.36135912
344041,1,0.7439411
13374,1,0.5634009
9280,1,0.47183043
3172,1,0.20860441
10923,1,0.5282462
14926,1,0.59143424
97370,0,0.66373485
1381,0,0.47250798
9395,1,0.67554134
680813,1,0.9120113
65086,0,0.6157413
400617,0,0.5096322
11966,1,0.6621717
1817,0,0.6368518
1705,1,0.71551186
8338,1,0.54859436
8271,0,0.59255064
10877,1,0.36428332
56590,1,0.72020036
6615,1,0.64887136
17130,1,0.65056497
438857,1,0.7523962
712,0,0.69564134
10246,1,0.7054617
474354,1,0.59740806
9696,1,0.7215583
14175,1,0.4836873
471474,1,0.7307238
9410,1,0.55050814
51241,1,0.74226177
560066,1,0.7912973
27793,1,0.6163771
5203,1,0.6866579
9569,1,0.66892976
8845,1,0.47317344
227707,1,0.60080624
514921,1,0.46766695
306819,0,0.6485814
826,1,0.7059775
9447,1,0.14655083
10559,1,0.5052039
10028,1,0.6072607
811631,1,0.7992316
36073,1,0.744002
9043,1,0.5993334
13491,1,0.5641518
10876,1,0.6324371
23082,0,0.72814065
10366,1,0.40699783
15268,1,0.36431304
5968,1,0.66744465
462,0,0.34711745
403300,1,0.70176023
460885,0,0.76896876
10731,1,0.39751497
3512,1,0.29787353
542,1,0.7124989
11571,1,0.7048995
582927,1,0.9206002
419639,1,0.8474813
910,1,0.7141897
1654,1,0.6906323
1362,1,0.7068726
7508,1,0.71708953
401898,1,0.755294
454615,1,0.7822766
1832,0,0.659236
25751,1,0.7210313
5721,1,0.7269515
2069,0,0.42627957
10647,1,0.44111323
8453,1,0.6985273
453201,0,0.5961065
84332,1,0.7854236
59,0,0.49420163
16,1,0.6373088
76,0,0.706707
9886,1,0.5552036
239573,1,0.60573065
438970,1,0.7123237
391629,1,0.7088204
526,1,0.5859942
11353,1,0.32692257
263109,1,0.6767526
21778,1,0.6114687
21629,1,0.6598595
611408,1,0.7025104
13225,1,0.5883554
9386,1,0.43497568
9978,1,0.4453617
11977,1,0.68438977
33518,1,0.71566266
9896,0,0.37623832
435800,1,0.330102
13682,1,0.5945505
56601,1,0.6472492
23830,1,0.6945259
37233,0,0.42010823
10800,1,0.65558755
314365,0,0.5874989
466622,1,0.36937588
175,1,0.6261174
1852,0,0.2627709
14811,1,0.6795957
28635,1,0.7264402
5902,1,0.57112163
254201,1,0.71043193
14623,1,0.31994143
4823,1,0.49651563
4147,0,0.19017634
468816,1,0.790444
8321,0,0.62823135
10061,0,0.36185434
35552,1,0.54869854
15613,1,0.5892309
396461,1,0.72350746
33909,0,0.23529874
1073,1,0.57536274
11327,1,0.7163086
9405,1,0.51564944
97430,1,0.62174726
11523,1,0.5206713
77495,1,0.70004827
14817,1,0.6820196
12095,1,0.6930138
41515,1,0.185501
345934,1,0.48854282
11529,0,0.5124154
916,1,0.6901348
24253,1,0.71193904
11046,1,0.6784838
10493,1,0.6561262
5375,1,0.11314782
25866,1,0.7202694
36670,1,0.46643382
227738,1,0.66614246
86825,0,0.6443601
12707,1,0.6911169
9705,0,0.108821005
328425,0,0.69572
227359,1,0.66847765
10782,1,0.36063975
10207,1,0.18727493
229,1,0.7203024
2924,1,0.20950863
5924,1,0.6449986
487558,0,0.64563733
11814,1,0.6806122
77953,0,0.12844072
10653,1,0.7160609
3432,1,0.5858595
109417,1,0.67625564
14424,1,0.7228342
11177,1,0.6800362
11132,1,0.63064575
8054,0,0.5095256
335791,1,0.6640266
334524,0,0.58787435
2289,0,0.18878588
10220,1,0.64543754
8224,0,0.44379404
11575,1,0.64353985
11527,1,0.6540568
257785,1,0.5725381
20455,1,0.7206995
10400,1,0.36516693
353069,1,0.54783255
6038,0,0.36546317
156700,1,0.7435101
13483,1,0.16705276
446101,1,0.73103356
179538,1,0.7039059
339877,0,0.79733086
14506,1,0.38586614
1523,0,0.6863601
10359,1,0.66303444
501907,1,0.5721355
14177,1,0.5559216
504562,1,0.54004955
567,0,0.71664953
10650,1,0.5788323
157841,1,0.48700008
12228,1,0.7192521
371638,0,0.6653156
525554,1,0.71191186
11157,1,0.59754485
828,1,0.7163577
12123,1,0.36191627
384737,1,0.76212645
44264,0,0.46602
2320,1,0.32906067
14429,1,0.6797949
9429,1,0.6170385
11896,1,0.6298242
586101,1,0.7453329
7304,1,0.61604995
623,0,0.67588496
34806,0,0.49088025
71254,1,0.677806
820,1,0.4338476
154,1,0.64335155
257932,1,0.58557767
7211,1,0.5480815
548,1,0.7218858
179,1,0.18414746
104,0,0.71281606
12094,1,0.6631164
705,1,0.7156828
270938,1,0.6945619
11033,1,0.6811194
32909,1,0.66151667
730047,1,0.59706795
2119,1,0.2937468
333669,1,0.6164148
2064,1,0.6098131
68722,0,0.4949256
9994,1,0.6435409
11569,1,0.7038445
11075,1,0.7284448
1792,1,0.32879943
17455,1,0.7119305
6279,0,0.4500966
4959,1,0.3609533
1365,1,0.6988075
25329,1,0.70293766
13836,0,0.36729226
468224,1,0.61020046
384682,0,0.41415974
978,0,0.23575693
366644,1,0.7731049
28032,1,0.5396648
241258,1,0.7113724
12118,1,0.65467334
17047,1,0.5468584
467660,0,0.71594864
25756,1,0.7361321
29426,1,0.6991853
5994,0,0.29500875
16307,1,0.7251748
13939,1,0.7057158
17436,1,0.6136376
306947,0,0.72319573
59965,0,0.48713204
571384,1,0.68011045
21588,1,0.71466446
8843,0,0.49452096
11072,1,0.7077833
12088,1,0.6738138
426426,0,0.6328051
286554,0,0.83232003
6644,1,0.69505733
13378,1,0.7143642
10016,1,0.5263121
274479,0,0.29520458
49517,0,0.51944596
76487,1,0.7319284
34647,1,0.65141094
11287,1,0.43747857
172803,1,0.70979714
11092,1,0.5717209
9587,1,0.60893667
70667,1,0.62231797
12093,1,0.7022474
399796,1,0.59865516
11419,1,0.55618125
4858,0,0.18509707
643882,1,0.6974197
36086,1,0.73045176
540,1,0.7033869
165864,1,0.7799851
77016,0,0.6794117
437543,1,0.27219135
51497,0,0.07504392
4176,1,0.71832526
11901,1,0.6934952
414190,1,0.8686573
118957,1,0.53684455
9708,0,0.44187984
534490,1,0.7206915
200,1,0.23458366
369192,0,0.55021393
226,1,0.7102852
519010,1,0.66389424
9396,1,0.6425191
27374,1,0.72926396
27573,0,0.43611425
35854,1,0.68661976
23048,0,0.4796708
9666,1,0.59507424
11866,1,0.39881662
293767,1,0.43861577
262,1,0.5856502
26264,1,0.6522796
116,0,0.62191457
17473,0,0.70188314
12090,0,0.60198396
8427,1,0.2370104
542224,1,0.7842241
523172,1,0.7899901
9759,0,0.5481547
376866,0,0.685069
30197,1,0.7181246
934433,1,0.569016
10142,1,0.5668158
212716,0,0.6621713
13768,1,0.6270521
638,0,0.6228588
1791,1,0.70463794
10426,1,0.59960973
68734,0,0.4023435
15338,1,0.69046974
2207,0,0.32725206
12120,1,0.5880304
11982,1,0.5727241
86838,0,0.62882805
49009,1,0.5098175
583,0,0.6990574
508935,1,0.20635316
205601,1,0.7418933
11568,1,0.5254563
763,1,0.704619
663870,1,0.6886888
1103,0,0.6855934
10538,1,0.6297501
409,0,0.53276646
10110,1,0.47225824
438674,1,0.70534843
9563,1,0.32690883
12795,1,0.7288298
106021,1,0.663088
192145,1,0.52731115
9942,1,0.6522288
446791,0,0.3605012
10015,1,0.6240431
303858,0,0.5326264
11158,1,0.44208378
1694,1,0.7224045
13195,1,0.58904636
82682,0,0.30630335
450489,1,0.7588536
46705,0,0.72934675
13466,1,0.5485272
10726,1,0.6645163
254320,0,0.70995766
99942,1,0.8111395
60670,1,0.70783806
9922,1,0.18396758
49852,1,0.15122148
8872,0,0.5993522
11460,0,0.5408474
301608,1,0.7718591
10982,0,0.6290059
322240,1,0.511339
786,0,0.2949519
536869,1,0.12888983
8976,1,0.5128675
2103,1,0.38345456
11908,1,0.72759515
615643,1,0.7946772
10649,1,0.6788146
9009,1,0.5111578
7326,0,0.6842263
373569,1,0.42783514
24238,1,0.679166
43956,1,0.52793527
41592,1,0.7118145
14695,1,0.6675355
866,0,0.5491555
4587,1,0.505097
497828,1,0.6496867
14397,1,0.6736719
94348,1,0.4002354
746,1,0.56473285
9458,1,0.36324838
183026,1,0.8208586
493551,1,0.55579346
303991,0,0.66500986
595985,1,0.7781979
15775,1,0.72796804
9326,0,0.6572553
9932,1,0.29434806
27854,1,0.70492125
4464,1,0.15804431
11371,1,0.24609418
611395,1,0.5440162
410554,1,0.6622821
2028,1,0.6161657
10136,1,0.54970723
347629,1,0.7226892
7516,0,0.6135261
10535,1,0.61235076
102629,1,0.786511
220882,1,0.7752731
13499,1,0.39831808
89492,0,0.4818649
9960,1,0.7380873
88794,0,0.471759
32985,1,0.40529695
522212,1,0.65544045
1633,1,0.65267867
4985,1,0.7072194
377587,1,0.73396325
11974,1,0.60124916
370964,1,0.79313695
366668,1,0.34507954
2067,1,0.14237781
17335,1,0.59664106
347413,1,0.7316779
184219,1,0.7400867
222936,0,0.46479055
645689,1,0.65262914
42188,0,0.6283367
4437,1,0.5310158
13944,1,0.55930394
3573,1,0.6877496
10306,1,0.66241384
10651,1,0.5932035
759,1,0.7093131
8452,0,0.17529254
9266,1,0.56197065
4517,1,0.33037066
19058,1,0.6245606
10362,1,0.6619685
509853,1,0.60981554
62215,0,0.67503697
773660,1,0.9026843
13995,1,0.71003336
10829,1,0.6943775
270487,0,0.57047343
9021,1,0.26736906
9574,0,0.18848212
394741,1,0.6660045
10126,1,0.6845119
255157,1,0.6310563
2148,1,0.31399298
213681,0,0.5542911
398,1,0.67805165
12919,1,0.72297895
9913,0,0.41191158
6280,0,0.29428494
2830,1,0.6304393
612,0,0.2350295
913,1,0.37654078
6972,0,0.06937157
12569,1,0.6746395
456048,1,0.7595889
9562,1,0.18446197
10437,1,0.65814954
9075,1,0.579954
390497,1,0.7938128
149871,1,0.3805471
1678,1,0.72208625
2604,1,0.63020486
334527,1,0.692724
7442,1,0.6025561
539565,1,0.7812395
376865,1,0.66538894
10985,1,0.63840175
11208,1,0.5110535
9779,1,0.5589371
46198,1,0.73843604
10822,1,0.7010393
5137,1,0.23903172
1251,0,0.5968041
11127,1,0.6726676
10860,1,0.63218814
11648,1,0.5186649
3133,1,0.72302866
242095,0,0.7316366
63492,0,0.5941292
914,0,0.7126431
29917,0,0.73792136
427900,1,0.8414427
38319,0,0.37064078
34803,1,0.59484655
4808,1,0.6985382
8408,1,0.7078276
10328,1,0.6244171
11697,1,0.70304537
19666,1,0.70701754
229297,0,0.6156919
2636,1,0.40008375
8346,0,0.70055413
10779,1,0.5132146
345914,1,0.53663886
2312,1,0.29705897
10922,1,0.5105883
9541,1,0.48140937
2134,1,0.72205424
891,1,0.6682977
26127,1,0.6799509
470,0,0.58522165
339397,0,0.51468474
38985,1,0.64863014
2977,1,0.6149262
495193,1,0.7402487
2453,1,0.5681691
13691,1,0.39942986
10395,1,0.23472983
2100,1,0.22566035
11439,0,0.39682254
9745,1,0.54111993
5852,1,0.34577063
331313,0,0.44712237
10070,1,0.7095972
837,0,0.6856404
14736,1,0.59442586
18707,1,0.67780036
8999,1,0.5740453
72197,1,0.29964164
227156,0,0.5798733
1857,1,0.68820894
209189,1,0.6537414
7461,0,0.44249344
3595,0,0.18542098
11902,1,0.63935375
4226,1,0.70255315
70584,1,0.73705757
345923,1,0.5213123
11000,1,0.5130228
77949,1,0.7385534
44603,0,0.36258867
9945,1,0.5896555
342,1,0.70636827
4551,1,0.3438079
547,1,0.2943474
9303,1,0.6959394
775,1,0.72447747
457262,1,0.8760977
10699,1,0.4210729
58428,1,0.7340507
631058,1,0.76184785
8291,1,0.6363067
402298,1,0.65786064
9516,1,0.7033886
52333,1,0.6752423
9359,1,0.20853136
12146,1,0.2941902
68,0,0.6216926
9894,0,0.3832729
2925,1,0.5533302
10760,1,0.62479424
143,1,0.713564
22059,1,0.7320256
17532,1,0.7059467
2086,1,0.6732838
316269,1,0.7289416
10606,1,0.5904882
19933,1,0.72185785
77948,1,0.5940923
10135,1,0.62988734
34376,1,0.64653057
4689,1,0.70080334
595,0,0.71148616
10351,1,0.6957674
199420,1,0.6924601
140870,1,0.8792139
12703,1,0.6597033
951,0,0.624499
20156,1,0.71745
12779,1,0.6657706
11846,1,0.59222096
11895,1,0.6305571
284276,1,0.6863292
9952,1,0.65981656
20694,1,0.5581999
87093,0,0.660193
132363,0,0.55176
355547,1,0.7567912
300602,1,0.7276282
35169,1,0.47476333
9576,1,0.5784581
7227,1,0.6928879
11639,1,0.6369689
12775,1,0.6828888
85621,1,0.73343134
457136,0,0.6723414
11879,1,0.69922847
9293,1,0.60725874
36599,1,0.71827257
9053,1,0.5827314
394117,0,0.76806015
9955,0,0.3529537
536743,1,0.8087451
261,1,0.7041256
4614,0,0.24751961
61717,1,0.7649709
9437,1,0.5351338
639,0,0.6154301
17456,1,0.6610402
19,0,0.71408546
65650,1,0.70682746
10145,1,0.42713276
1433,1,0.69676983
468,1,0.70776844
12837,1,0.6599315
62564,1,0.7418995
132137,1,0.72484475
12149,1,0.6514065
10733,1,0.05904549
9327,0,0.33435628
3073,1,0.7234043
11967,1,0.6427388
332,0,0.20866066
82525,0,0.40408367
24264,1,0.568343
4512,0,0.5143898
561859,1,0.8478463
2110,1,0.62471783
14330,1,0.6324276
429476,1,0.80073553
16136,1,0.69825983
11425,1,0.6853997
571785,1,0.7316786
18442,1,0.70801264
67660,1,0.657308
441531,1,0.5759611
1688,1,0.7155139
21755,1,0.59362704
232572,1,0.6738803
1725,1,0.6866555
199,1,0.38962856
11418,1,0.61403745
13001,1,0.68325794
10313,0,0.55936635
2171,1,0.69405085
2539,1,0.184453
152603,0,0.67804956
471968,1,0.7096961
1259,1,0.6259177
49494,1,0.55006146
22073,1,0.5100084
438740,1,0.65697455
8461,0,0.62271047
16266,1,0.73507357
9796,1,0.66654134
360387,1,0.7232545
9763,1,0.66116524
614560,1,0.55786204
9388,0,0.68620205
9667,1,0.5221193
10398,1,0.23617926
9504,1,0.64162743
115210,1,0.7399534
5156,1,0.7270674
571468,1,0.79865146
101267,1,0.73048836
523366,1,0.6921264
4566,1,0.5499266
2142,1,0.6217856
9900,1,0.6991502
12158,1,0.6305954
362105,1,0.71773523
111190,1,0.6201191
428836,1,0.65909386
157370,1,0.7981757
12102,0,0.6718291
1164,0,0.54756683
517412,1,0.7123161
858,0,0.57943046
13803,1,0.6978851
18410,1,0.6061252
172,1,0.50990385
9051,1,0.6781003
50698,1,0.810538
6639,1,0.40417632
1247,1,0.1628464
280996,0,0.651724
11034,1,0.6847045
12163,0,0.68903756
10861,1,0.5584265
15859,1,0.74459654
1272,0,0.36184812
430155,1,0.8324999
41210,0,0.60278517
783,0,0.57227206
52505,1,0.5278175
369883,1,0.6748324
10389,1,0.66331875
40377,1,0.7244575
9434,1,0.6292483
9281,1,0.6446019
9542,1,0.6903899
9279,0,0.30112016
401200,1,0.6013028
64720,1,0.7073254
76122,1,0.77753437
10479,1,0.29513022
9289,1,0.6724196
340677,1,0.6503586
3683,0,0.14449377
602211,1,0.68699515
2614,1,0.5337168
458131,1,0.6619461
11815,1,0.7323486
44945,1,0.66215646
72207,0,0.51672304
2255,1,0.72428006
348668,1,0.7055958
23742,0,0.5194736
160588,0,0.5999744
73567,1,0.6641392
13493,1,0.5578518
13346,1,0.6917251
11246,1,0.7155687
80585,1,0.25593272
54054,1,0.47196218
10833,1,0.48295003
36679,1,0.66124105
34314,1,0.34134865
15739,1,0.4726127
421,0,0.36115858
438,1,0.7182665
13851,1,0.7870919
6520,1,0.32648057
18032,1,0.5048483
507505,1,0.8173122
8879,1,0.68035376
295699,1,0.6771035
14979,1,0.55434936
26444,1,0.6601657
209451,1,0.44478646
9620,0,0.29450604
804,1,0.714051
10210,1,0.66176
11802,1,0.47261143
12110,1,0.5132356
22821,1,0.67706794
2609,1,0.6238632
2269,1,0.7007387
130150,1,0.6082229
4836,0,0.6833719
8780,1,0.5187575
8051,0,0.5483299
530,1,0.72291636
12212,1,0.63680285
103731,0,0.66491485
12705,1,0.6170398
298382,1,0.6437965
29912,1,0.70138127
17927,1,0.5987387
447856,1,0.68186647
21500,1,0.6866941
380124,1,0.60513675
39013,0,0.7237513
46738,1,0.7025783
10776,1,0.549678
11060,1,0.62248814
13990,1,0.69115365
109091,0,0.5477225
10153,0,0.1847764
46812,1,0.71362597
11536,1,0.69891495
4380,1,0.36673495
641,0,0.6952181
7095,1,0.39691362
2252,0,0.35034806
19898,0,0.4941347
12227,1,0.62987876
517814,1,0.7776907
10878,1,0.5815371
12211,1,0.5658767
9838,1,0.6421034
1879,1,0.69926107
330483,0,0.6594992
13767,1,0.64846915
8457,1,0.44284025
489925,1,0.73132426
9923,1,0.36078522
11545,0,0.66451246
10592,1,0.24280596
10067,1,0.37127572
11835,1,0.58658427
9559,1,0.509501
441384,1,0.698168
192,0,0.6002423
131978,1,0.81313676
8010,1,0.51614594
505746,1,0.6936458
152792,1,0.6288626
26515,1,0.7122765
333385,1,0.68891644
14362,1,0.6338276
1534,1,0.4071891
18533,0,0.7253685
535,1,0.6790174
11336,1,0.6651619
268238,1,0.659596
11775,0,0.29365137
4978,1,0.67295146
1923,1,0.65828264
21525,1,0.800765
463197,1,0.80974925
6073,0,0.31299722
11088,1,0.47149444
2742,1,0.6144657
581859,1,0.46485972
10438,1,0.6298305
85350,0,0.6975132
8874,0,0.45154893
47166,1,0.7271288
11456,1,0.21618102
9042,1,0.51726717
71688,0,0.6482423
6341,1,0.5727829
661289,1,0.2503709
3110,1,0.7080097
9490,1,0.68353754
76535,1,0.7725434
12262,1,0.72909933
505954,1,0.71894205
12192,1,0.6814535
4244,1,0.2676369
526019,1,0.5259984
17443,1,0.6859215
433356,1,0.44195172
10735,0,0.59383446
93,1,0.709861
2447,1,0.4770868
23730,1,0.7247308
3040,1,0.66228634
7452,1,0.7115249
6217,1,0.60723144
351809,1,0.7011466
15035,1,0.72585356
5552,1,0.5613102
11355,0,0.54969645
13812,1,0.6582296
10599,1,0.44111055
123103,1,0.72864974
74534,1,0.66027784
18444,1,0.69699347
426563,1,0.42551225
303542,1,0.67698354
7364,0,0.06955909
514619,1,0.6162445
392,0,0.54826677
17332,1,0.29712033
146238,0,0.53535277
9549,1,0.5324639
575222,1,0.4326736
10684,1,0.39081118
24740,1,0.6733662
11524,1,0.6877389
1710,1,0.5893067
11963,1,0.67284536
9290,1,0.58616066
48034,1,0.55107605
382614,1,0.76274884
45657,1,0.6638428
83770,1,0.55295765
4597,1,0.5904544
506,1,0.7091825
10836,1,0.6958089
8978,1,0.51711196
8852,1,0.7076277
11692,1,0.11214845
12819,1,0.60276556
44564,1,0.23787309
1712,1,0.691954
1647,0,0.39172363
10956,1,0.6144931
9424,1,0.6259987
10743,1,0.6238872
902,1,0.60175675
103332,1,0.6764774
996,1,0.7183365
10478,1,0.3986552
9059,1,0.638486
12508,1,0.31617776
10147,0,0.5673633
10490,1,0.6643126
514466,1,0.73987794
78698,1,0.43930903
11884,1,0.6302622
455957,1,0.6747044
15592,1,0.58659434
11395,0,0.57731205
624479,1,0.3335357
14704,1,0.6563638
9726,1,0.47244895
15762,1,0.7044576
20309,1,0.55759734
294,1,0.7208303
87567,1,0.4782195
25132,1,0.4460114
9430,1,0.68225986
4599,1,0.36529657
607145,1,0.6904082
14292,1,0.53444976
11854,1,0.7305916
76170,0,0.1051469
2642,0,0.295575
13704,1,0.67275107
366514,1,0.67804164
257,1,0.3610897
15641,1,0.7200044
1632,1,0.62335247
506863,1,0.71864253
6964,0,0.1853787
18392,1,0.72445476
860,1,0.6459765
37257,1,0.7048882
874,1,0.6994996
15301,1,0.6591582
2669,1,0.5507151
581526,1,0.66043025
15058,1,0.7237636
10761,0,0.44312978
8327,1,0.7289038
19724,1,0.33405814
11953,1,0.6925159
15616,1,0.51710135
29882,1,0.724216
182,1,0.49441683
315880,1,0.6663127
10658,1,0.45668247
340103,1,0.73184633
241254,1,0.68741745
14799,1,0.64521533
13008,1,0.71630085
11037,1,0.6136224
453755,1,0.7885517
86829,0,0.65451527
254263,1,0.53980523
491584,1,0.6995317
6935,1,0.6340558
2292,0,0.7263979
98948,1,0.7438064
18477,1,0.7252854
9973,1,0.6776927
354072,1,0.8637543
342737,1,0.7166469
115782,0,0.6526963
10944,1,0.6441744
216527,1,0.023541933
82992,0,0.05191379
113947,1,0.73222095
12246,1,0.6246849
10219,1,0.4775819
314405,0,0.6504522
15139,1,0.5416849
14813,1,0.71826106
31608,1,0.6261804
9912,1,0.5538387
11645,1,0.65554327
55890,1,0.73376346
2640,1,0.70433265
8987,1,0.39779046
18892,1,0.7304823
1245,1,0.6534669
247,1,0.7205324
1494,1,0.39648697
6538,1,0.20910871
211067,1,0.71566004
80271,0,0.6725569
159092,1,0.71888846
245,0,0.5331843
10934,1,0.60747534
10376,1,0.6713057
21661,1,0.66333
14123,1,0.61262345
5961,1,0.6899702
2661,1,0.72021735
11515,1,0.3609204
11576,1,0.6697666
2654,1,0.6750363
19542,1,0.734751
2652,0,0.7220111
13922,1,0.1857527
471507,1,0.676864
8831,1,0.54088753
471666,1,0.91365135
94047,1,0.5601733
8984,1,0.32727113
9785,1,0.5178685
23514,1,0.40449357
11607,1,0.68196225
14635,1,0.5919671
11583,1,0.69077635
30072,1,0.5556051
79698,1,0.54368585
11646,1,0.71146876
79694,1,0.6666777
2155,1,0.42014664
413198,1,0.51346874
252178,1,0.6725421
124459,0,0.52119845
43933,0,0.73753613
11184,1,0.651724
8952,0,0.6427444
43930,1,0.54972345
178,1,0.5252636
14844,1,0.57261056
256474,1,0.66978955
274109,1,0.67249775
1116,1,0.69504285
9039,1,0.5162106
704,1,0.7208356
638688,1,0.87021774
296100,0,0.5570612
16763,1,0.7067786
25643,1,0.60784334
421467,1,0.7753707
16938,1,0.72173405
733317,1,0.9627193
17108,1,0.8105881
11507,1,0.6605111
18874,1,0.713037
430474,1,0.8065057
10604,1,0.72683555
13962,1,0.6466243
80,0,0.7054381
34653,1,0.6903479
10762,1,0.599776
49948,1,0.20346299
655082,1,0.78828114
34152,1,0.6317363
14299,1,0.6525864
205321,0,0.7257868
11087,1,0.6485507
1380,1,0.65849626
104755,1,0.7202277
41505,1,0.5801498
14369,1,0.56763
838,1,0.7179927
177494,1,0.78000987
55420,1,0.7276634
436994,1,0.79019636
401545,1,0.67049795
10724,1,0.6014434
179144,0,0.65739334
59115,1,0.7125337
10173,1,0.6514684
1641,1,0.20943458
17917,1,0.6735803
1492,1,0.38482592
414453,1,0.8675798
228194,1,0.59859055
338189,1,0.68709683
10345,1,0.6180193
46717,1,0.3995229
19794,1,0.66817033
39781,1,0.7081392
18377,1,0.707695
9086,1,0.58928967
11462,1,0.71593225
253450,1,0.62940294
26842,1,0.6664904
11661,1,0.5802487
975,0,0.7179508
173,1,0.69088906
31203,1,0.58095396
9423,1,0.213848
9282,1,0.6900293
76640,0,0.5193445
10206,1,0.69056827
26579,1,0.72424555
11849,1,0.48123172
30128,1,0.6832039
3513,1,0.5910981
15765,1,0.62410194
455,0,0.70080495
8766,1,0.71366656
467824,1,0.63725334
6346,1,0.36225036
903,1,0.7049531
369557,0,0.71123683
8398,1,0.66951054
22897,1,0.16818953
15067,1,0.66754174
49370,1,0.59539074
10546,1,0.6457104
138,1,0.7202499
429422,1,0.6620652
31685,1,0.725747
9270,1,0.7289684
14361,1,0.5635553
164457,0,0.57920897
28685,1,0.72907203
3489,1,0.51214373
62046,1,0.6942435
222899,1,0.6407953
10579,1,0.666179
225728,1,0.670828
9893,1,0.66546357
6877,0,0.36577377
20210,1,0.6966237
9556,1,0.6157904
9087,1,0.28115994
442064,1,0.7055227
11615,0,0.36149615
9298,1,0.6840644
4953,1,0.5856246
30018,1,0.7006986
650272,1,0.76736456
743563,1,0.7930089
277432,1,0.55329025
556984,0,0.47384802
167810,1,0.7271851
3083,1,0.7163933
695089,1,0.7806583
252512,1,0.6578991
313230,1,0.5881369
1999,1,0.7126948
2657,1,0.29583418
12154,1,0.6533383
566927,1,0.724241
9663,1,0.5716544
13150,1,0.5203931
37861,1,0.6885414
24948,1,0.7397211
407620,1,0.74701077
12498,1,0.7169975
16268,1,0.7244269
1630,1,0.46516755
59457,1,0.73316836
4518,1,0.51584655
13576,1,0.31042215
25560,1,0.70011425
588182,1,0.8431348
15213,1,0.4736338
82505,0,0.68744
287,1,0.67812103
10461,1,0.27752593
434119,1,0.8214297
12335,1,0.5865119
16222,1,0.64957315
13025,1,0.7200641
438396,1,0.78943807
12201,0,0.18505038
574,1,0.7077079
237,1,0.6818922
4538,0,0.6155051
290555,1,0.6161451
8850,1,0.5555637
7229,1,0.53389937
11054,1,0.71188563
463684,0,0.5864029
13363,0,0.73053974
13335,1,0.6572576
9040,1,0.70954853
275601,1,0.6029074
199534,1,0.7015747
123377,1,0.72849387
23919,1,0.6730984
12568,1,0.5907936
14924,1,0.70509726
11426,1,0.7136288
10571,1,0.6225448
339103,1,0.6822495
381707,1,0.7289646
51588,1,0.69078624
337674,0,0.6705319
14805,1,0.4738734
466411,1,0.80523455
411728,1,0.5499989
37498,1,0.4827463
339419,1,0.6736568
11860,1,0.30819196
14202,1,0.60148966
6552,1,0.5556222
9586,1,0.3819429
34179,1,0.6019972
11804,1,0.670207
193613,1,0.60960543
512263,1,0.7892451
15487,1,0.5488977
257440,1,0.6287591
14337,0,0.7376958
3525,1,0.5253833
2637,1,0.49566868
9584,1,0.64952695
412202,1,0.8423876
44629,1,0.7110634
6575,1,0.484652
69668,1,0.36698297
27586,1,0.66788334
203834,1,0.71664184
702,1,0.71155965
333352,1,0.64779276
308638,1,0.74044377
433247,1,0.59602535
5551,1,0.2628989
398174,1,0.657158
703,0,0.6974042
487680,1,0.5833742
291328,1,0.5632156
5227,1,0.74224263
20083,1,0.65418595
50022,1,0.64527786
354859,1,0.18735369
13665,1,0.6980524
9676,1,0.36068496
19237,1,0.69704664
990,1,0.71284163
84329,1,0.76629204
14462,1,0.18694025
18993,1,0.72242504
15045,1,0.55081594
300906,1,0.8636758
97614,1,0.65190876
14181,1,0.68134534
24124,1,0.72972333
301056,1,0.67087036
637053,1,0.92530036
1537,1,0.39745548
2900,1,0.21089579
388202,1,0.7007156
207769,1,0.8011772
223,1,0.7147805
11329,1,0.29390144
323676,0,0.5430593
9367,1,0.7284369
543583,1,0.5948387
721045,1,0.12772319
1909,1,0.5510442
285783,0,0.47157714
10805,1,0.5722392
11592,1,0.63819027
511322,1,0.6587484
354287,1,0.30547673
9067,1,0.5620586
403,1,0.67515206
444308,1,0.72627836
7984,1,0.6426229
65229,1,0.73302203
458109,1,0.6880336
10339,1,0.6949971
1642,1,0.57393646
469877,1,0.89532185
14534,1,0.649912
11546,1,0.66788715
3784,1,0.5173939
21506,1,0.73208064
250124,1,0.73020786
10803,1,0.66768986
616584,1,0.93704945
45649,1,0.7329983
11412,1,0.26452535
11050,1,0.6739932
16520,1,0.7034577
922,1,0.6660363
13006,1,0.68507594
87492,0,0.5608565
2001,1,0.5818339
11165,1,0.56134224
12150,1,0.59613377
455714,1,0.8565439
9591,1,0.5421875
980,1,0.7215739
109421,0,0.51097804
10155,1,0.59281385
9980,1,0.6576415
303,1,0.71649367
550440,1,0.40912816
250225,1,0.7780949
22825,0,0.5111225
4593,1,0.7176424
231,1,0.36097127
48838,1,0.55179715
16558,1,0.29555932
10627,1,0.6335063
378,0,0.6861479
10304,1,0.68106717
14283,1,0.6270359
20421,1,0.6100431
413362,1,0.58654433
10243,1,0.6906151
1580,0,0.7146771
11890,1,0.47226152
152747,0,0.73848814
60309,1,0.54803914
9333,1,0.25226477
11564,1,0.70709115
94901,1,0.7832206
864,0,0.6319015
8592,1,0.3829544
13703,1,0.6802441
247182,1,0.71173763
19158,1,0.66590464
227735,1,0.46593
472454,1,0.9024321
478159,1,0.78924644
1715,1,0.55665076
11782,1,0.695043
18885,1,0.5904771
1389,1,0.37695125
297222,1,0.6556921
10403,1,0.67407364
11497,1,0.6357253
340487,1,0.7195559
3175,0,0.6537263
13477,1,0.33260772
16225,1,0.6796229
9507,1,0.6711018
330947,1,0.6732555
59387,1,0.6723848
20857,1,0.50117874
9877,1,0.6366538
7979,1,0.59355426
45094,1,0.64064807
318917,0,0.76979405
10871,1,0.457286
11863,1,0.36333677
38543,1,0.564582
8764,1,0.67178494
586,1,0.62262595
16638,1,0.6884579
5677,1,0.722707
46429,1,0.6316894
8974,1,0.72483665
9443,1,0.6947036
71677,1,0.68031484
14171,1,0.64557654
10083,1,0.62413806
8665,1,0.111253515
10774,1,0.7031192
11123,1,0.68452406
10671,1,0.66015625
2612,1,0.58887094
2787,0,0.5671804
892,1,0.69990474
11542,1,0.62634426
10654,1,0.65092
9381,0,0.23451135
611014,1,0.8222689
10436,1,0.47917682
512,0,0.6978425
25934,1,0.7323754
43552,1,0.66217685
465914,1,0.68631935
26655,1,0.7750604
13567,1,0.73526883
9722,0,0.16432816
16632,1,0.72481924
5916,1,0.7071001
11380,1,0.6588532
10186,1,0.6351293
36231,1,0.8205511
50357,1,0.7110276
9789,1,0.70344293
505914,1,0.8635805
12193,1,0.18924576
10547,1,0.55527824
635,1,0.6082648
12573,0,0.67981184
26390,1,0.6098513
9605,1,0.6184734
296360,1,0.72186977
9428,0,0.57903486
362045,1,0.6155847
5723,1,0.7304216
9754,1,0.40110457
8512,1,0.53545624
53080,1,0.7171131
11393,1,0.52615625
9835,1,0.6608257
12496,1,0.70622253
332411,1,0.60585135
2124,1,0.43896878
75900,1,0.6964405
20539,1,0.5546189
10390,1,0.3626572
371645,1,0.73236144
60243,1,0.7260599
596,1,0.71896267
931,1,0.7203073
32613,1,0.72531873
1049,1,0.5114998
100,0,0.713962
11520,1,0.47369167
3090,1,0.7010464
103370,1,0.59818673
16437,1,0.6999874
399790,1,0.66876215
13416,1,0.51403064
844,1,0.64443445
1408,1,0.11696583
19592,1,0.7213351
9263,1,0.64632314
10660,1,0.5903565
693827,1,0.82615966
10249,1,0.4193188
429189,1,0.5525324
44470,1,0.94581264
1429,0,0.69113076
139567,1,0.58621264
1480,1,0.71779877
12104,1,0.65268713
8489,0,0.09576895
101669,1,0.65094334
12521,1,0.69241995
6968,1,0.5343956
13184,1,0.4096919
10723,1,0.55199873
14547,1,0.74081016
5491,1,0.21970361
13600,0,0.33763722
29723,1,0.6362409
9571,0,0.6839693
10984,1,0.66664296
152742,0,0.6446671
10367,1,0.71846557
925715,1,0.9808166
2788,1,0.6473454
462104,1,0.8177646
35688,1,0.6017774
534259,1,0.6927657
83666,0,0.63860965
221,1,0.71340585
146227,1,0.61711526
82679,1,0.6677458
11217,1,0.678951
10589,1,0.29480782
592,1,0.7127153
64689,0,0.63341475
11873,1,0.630384
16081,1,0.60606337
304410,0,0.6624214
12783,0,0.61101156
1411,1,0.71681637
3604,1,0.47787064
2370,1,0.6999509
340674,1,0.77948266
16450,1,0.72487503
9988,1,0.616284
79777,1,0.66353065
12268,1,0.68574053
356296,1,0.7496247
445224,1,0.7367383
186759,1,0.7022957
1883,1,0.48085868
6951,1,0.6424533
11522,1,0.6672433
14392,1,0.44618526
13256,1,0.6802856
6723,1,0.65770376
456929,1,0.7275817
553,0,0.6577616
713,1,0.67850083
815,1,0.68243915
11909,1,0.70416075
282984,0,0.6566996
70590,1,0.72242177
16455,1,0.60511935
8675,1,0.7254036
3509,0,0.6660361
925,1,0.6829185
44865,1,0.69928485
10169,1,0.6643652
3638,1,0.529725
10972,1,0.71847516
10377,1,0.6526711
27064,1,0.70152175
57825,1,0.68095547
14536,1,0.68669456
11702,1,0.5152601
17483,1,0.73368055
12914,1,0.7677492
398891,1,0.8015339
10843,1,0.6940408
402672,1,0.62637836
302150,1,0.6333417
9022,1,0.72922003
392982,1,0.6572983
24940,1,0.6391632
265180,1,0.72178733
6620,1,0.7094098
14554,1,0.71662515
13490,1,0.4822496
11826,1,0.6977482
16246,1,0.73037905
2800,1,0.23453306
625,1,0.6280869
140,1,0.6906438
2575,1,0.58001286
233063,0,0.7790319
41201,1,0.733413
309304,1,0.7321984
241868,1,0.6641284
10890,1,0.6580213
13754,1,0.70936257
37725,1,0.6254436
13613,1,0.61109424
457332,1,0.2065463
413543,1,0.774194
137145,1,0.7975266
9675,1,0.61838275
955569,1,0.8757753
19610,1,0.6865965
18329,1,0.73001355
606,1,0.50276583
13018,1,0.55706155
392207,1,0.7019714
8193,0,0.7307701
32456,1,0.721971
11548,1,0.5498453
1714,1,0.71317124
2440,1,0.64313006
8881,1,0.5199903
21610,1,0.696642
9715,1,0.5122262
9024,1,0.5108334
10641,1,0.2635034
11296,1,0.6443443
10396,1,0.56413233
454433,1,0.5622801
11541,1,0.6853258
19728,1,0.69138813
84175,1,0.7485578
476,1,0.7077783
12574,1,0.70840675
10338,1,0.6920078
17680,1,0.72072285
873,1,0.621971
10161,1,0.72545207
15919,1,0.7350545
7985,1,0.62855816
2291,1,0.549408
443319,1,0.8196402
64639,1,0.5511778
9403,1,0.55200255
18320,1,0.48479965
238811,1,0.78911394
909,1,0.71447986
8356,1,0.7143344
304372,1,0.6557339
10316,0,0.6397634
444149,1,0.73415804
10576,1,0.6943893
35588,1,0.4736013
381,1,0.70724565
1809,1,0.7009355
20411,1,0.6682635
11067,1,0.55084676
11003,0,0.6155203
1941,1,0.6973099
4241,1,0.7272771
3132,1,0.23489217
590,1,0.54774565
6973,1,0.56358755
103269,1,0.71961784
13252,1,0.5496451
510298,1,0.77803135
18289,1,0.7047174
167,0,0.37508997
24546,1,0.67956895
416572,1,0.9004455
887,1,0.71157366
483,1,0.6614806
11644,1,0.60560083
821,1,0.7053041
11708,1,0.6730437
1969,1,0.47421116
14144,1,0.6909067
300,1,0.6843718
227700,1,0.7969996
4477,1,0.14268027
2331,1,0.59105086
22787,1,0.44282106
53457,1,0.6882432
239678,1,0.5959753
11206,1,0.6981749
20770,1,0.72289306
7873,1,0.7124608
10633,1,0.7111291
4688,1,0.40330106
17264,1,0.71248186
341012,1,0.60074264
1165,1,0.62248975
457915,1,0.7127916
422715,1,0.8481543
77117,1,0.7189345
438808,1,0.5422298
2959,1,0.47712675
9703,1,0.25675482
9694,1,0.719711
8067,1,0.644018
196024,1,0.71167016
10794,1,0.7202911
1689,1,0.47218317
354110,1,0.6532623
266396,1,0.44695204
17386,1,0.73674405
12764,1,0.71408963
264656,1,0.6149278
61891,1,0.51114595
309063,1,0.82235545
12634,1,0.3671467
323677,1,0.6972729
34170,1,0.5175418
9701,1,0.4810097
2617,1,0.55929524
10518,1,0.68301904
24837,1,0.7404476
651,1,0.7012586
283587,1,0.6951844
17247,1,0.7236577
995,1,0.72014946
11933,1,0.43359974
47194,1,0.72017753
502682,1,0.7329135
962,1,0.71938235
663260,1,0.68876064
11119,1,0.66180307
14375,1,0.7255074
11163,1,0.705835
22796,1,0.58914274
13797,1,0.7197156
26963,1,0.69219536
38541,1,0.7055314
10253,1,0.5108027
177,1,0.5554068
97365,1,0.6300008
2266,1,0.6384566
192160,1,0.74877524
2013,1,0.6307604
11897,1,0.62663984
9611,1,0.59393376
38570,1,0.7338639
14913,1,0.70743376
372782,1,0.5279824
18172,1,0.68763953
337154,1,0.71055394
333386,1,0.68033105
24126,1,0.7114443
347026,1,0.72461337
13341,1,0.5118181
10560,1,0.5251516
44113,1,0.5819436
337844,1,0.674338
14359,1,0.58836263
440161,0,0.46041036
9582,1,0.5936137
11704,1,0.68970835
